# Blender 4.4.3
# www.blender.org
mtllib stylized_stool_SM.mtl
o stool_ingame
v 0.087218 0.078606 -0.070780
v 0.087219 0.078606 0.070780
v 0.084727 0.078606 -0.045444
v 0.083417 0.078606 -0.015659
v 0.083417 0.078606 0.015659
v 0.084727 0.078606 0.045444
v 0.087692 0.073802 0.070780
v 0.087692 0.073802 -0.070780
v 0.085248 0.073316 0.045444
v 0.083963 0.073060 0.015659
v 0.083963 0.073060 -0.015659
v 0.085248 0.073316 -0.045444
v 0.089093 0.069183 0.070780
v 0.089093 0.069183 -0.070780
v 0.086791 0.068229 0.045444
v 0.085580 0.067728 0.015659
v 0.085580 0.067728 -0.015659
v 0.086791 0.068229 -0.045444
v 0.091368 0.064926 0.070780
v 0.091368 0.064926 -0.070780
v 0.089296 0.063542 0.045444
v 0.088207 0.062814 0.015659
v 0.088207 0.062814 -0.015659
v 0.089296 0.063542 -0.045444
v 0.094430 0.061195 0.070780
v 0.094430 0.061195 -0.070780
v 0.092668 0.059433 0.045444
v 0.091742 0.058507 0.015659
v 0.091742 0.058507 -0.015659
v 0.092668 0.059433 -0.045444
v 0.098161 0.058133 0.070780
v 0.098161 0.058133 -0.070780
v 0.096777 0.056061 0.045444
v 0.096049 0.054972 0.015659
v 0.096049 0.054972 -0.015659
v 0.096777 0.056061 -0.045444
v 0.102418 0.055857 0.070780
v 0.102418 0.055857 -0.070780
v 0.101465 0.053555 0.045444
v 0.100964 0.052345 0.015659
v 0.100964 0.052345 -0.015659
v 0.101465 0.053555 -0.045444
v 0.107037 0.054456 0.070780
v 0.107037 0.054456 -0.070780
v 0.106551 0.052012 0.045444
v 0.106296 0.050728 0.015659
v 0.106296 0.050728 -0.015659
v 0.106551 0.052012 -0.045444
v 0.111841 0.053983 0.070780
v 0.111841 0.053983 -0.070780
v 0.111841 0.051491 0.045444
v 0.111841 0.050181 0.015659
v 0.111841 0.050181 -0.015659
v 0.111841 0.051491 -0.045444
v 0.116645 0.054456 0.070780
v 0.116645 0.054456 -0.070780
v 0.117131 0.052012 0.045444
v 0.117386 0.050728 0.015659
v 0.117386 0.050728 -0.015659
v 0.117131 0.052012 -0.045444
v 0.121264 0.055857 0.070780
v 0.121264 0.055857 -0.070780
v 0.122217 0.053555 0.045444
v 0.122718 0.052345 0.015659
v 0.122718 0.052345 -0.015659
v 0.122217 0.053555 -0.045444
v 0.125520 0.058133 0.070780
v 0.125520 0.058133 -0.070780
v 0.126905 0.056061 0.045444
v 0.127633 0.054972 0.015659
v 0.127633 0.054972 -0.015659
v 0.126905 0.056061 -0.045444
v 0.129252 0.061195 0.070780
v 0.129252 0.061195 -0.070780
v 0.131014 0.059433 0.045444
v 0.131940 0.058507 0.015659
v 0.131940 0.058507 -0.015659
v 0.131014 0.059433 -0.045444
v 0.132314 0.064926 0.070780
v 0.132314 0.064926 -0.070780
v 0.134386 0.063542 0.045444
v 0.135475 0.062814 0.015659
v 0.135475 0.062814 -0.015659
v 0.134386 0.063542 -0.045444
v 0.134589 0.069183 0.070780
v 0.134589 0.069183 -0.070780
v 0.136891 0.068229 0.045444
v 0.138101 0.067728 0.015659
v 0.138101 0.067728 -0.015659
v 0.136891 0.068229 -0.045444
v 0.135990 0.073802 0.070780
v 0.135990 0.073802 -0.070780
v 0.138434 0.073316 0.045444
v 0.139719 0.073060 0.015659
v 0.139719 0.073060 -0.015659
v 0.138434 0.073316 -0.045444
v 0.136463 0.078606 0.070780
v 0.136463 0.078606 -0.070780
v 0.138955 0.078606 0.045444
v 0.140265 0.078606 0.015659
v 0.140265 0.078606 -0.015659
v 0.138955 0.078606 -0.045444
v 0.135990 0.083409 0.070780
v 0.135990 0.083409 -0.070780
v 0.138434 0.083895 0.045444
v 0.139719 0.084151 0.015659
v 0.139719 0.084151 -0.015659
v 0.138434 0.083895 -0.045444
v 0.134589 0.088028 0.070780
v 0.134589 0.088028 -0.070780
v 0.136891 0.088982 0.045444
v 0.138101 0.089483 0.015659
v 0.138101 0.089483 -0.015659
v 0.136891 0.088982 -0.045444
v 0.132314 0.092285 0.070780
v 0.132314 0.092285 -0.070780
v 0.134386 0.093669 0.045444
v 0.135475 0.094397 0.015659
v 0.135475 0.094397 -0.015659
v 0.134386 0.093669 -0.045444
v 0.129252 0.096016 0.070780
v 0.129252 0.096016 -0.070780
v 0.131014 0.097778 0.045444
v 0.131940 0.098705 0.015659
v 0.131940 0.098705 -0.015659
v 0.131014 0.097778 -0.045444
v 0.125520 0.099078 0.070780
v 0.125520 0.099078 -0.070780
v 0.126905 0.101150 0.045444
v 0.127633 0.102239 0.015659
v 0.127633 0.102239 -0.015659
v 0.126905 0.101150 -0.045444
v 0.121264 0.101354 0.070780
v 0.121264 0.101354 -0.070780
v 0.122217 0.103656 0.045444
v 0.122718 0.104866 0.015659
v 0.122718 0.104866 -0.015659
v 0.122217 0.103656 -0.045444
v 0.116645 0.102755 0.070780
v 0.116645 0.102755 -0.070780
v 0.117131 0.105199 0.045444
v 0.117386 0.106484 0.015659
v 0.117386 0.106484 -0.015659
v 0.117131 0.105199 -0.045444
v 0.111841 0.103228 0.070780
v 0.111841 0.103228 -0.070780
v 0.111841 0.105720 0.045444
v 0.111841 0.107030 0.015659
v 0.111841 0.107030 -0.015659
v 0.111841 0.105720 -0.045444
v 0.107037 0.102755 0.070780
v 0.107037 0.102755 -0.070780
v 0.106551 0.105199 0.045444
v 0.106296 0.106484 0.015659
v 0.106296 0.106484 -0.015659
v 0.106551 0.105199 -0.045444
v 0.102418 0.101354 0.070780
v 0.102418 0.101354 -0.070780
v 0.101465 0.103656 0.045444
v 0.100964 0.104866 0.015659
v 0.100964 0.104866 -0.015659
v 0.101465 0.103656 -0.045444
v 0.098161 0.099078 0.070780
v 0.098161 0.099078 -0.070780
v 0.096777 0.101150 0.045444
v 0.096049 0.102239 0.015659
v 0.096049 0.102239 -0.015659
v 0.096777 0.101150 -0.045444
v 0.094430 0.096016 0.070780
v 0.094430 0.096016 -0.070780
v 0.092668 0.097778 0.045444
v 0.091742 0.098705 0.015659
v 0.091742 0.098705 -0.015659
v 0.092668 0.097778 -0.045444
v 0.091368 0.092285 0.070780
v 0.091368 0.092285 -0.070780
v 0.089296 0.093669 0.045444
v 0.088207 0.094397 0.015659
v 0.088207 0.094397 -0.015659
v 0.089296 0.093669 -0.045444
v 0.089093 0.088028 0.070780
v 0.089093 0.088028 -0.070780
v 0.086791 0.088982 0.045444
v 0.085580 0.089483 0.015659
v 0.085580 0.089483 -0.015659
v 0.086791 0.088982 -0.045444
v 0.087692 0.083409 0.070780
v 0.087692 0.083409 -0.070780
v 0.085248 0.083895 0.045444
v 0.083963 0.084151 0.015659
v 0.083963 0.084151 -0.015659
v 0.085248 0.083895 -0.045444
v 0.088361 0.078606 0.079221
v 0.088812 0.074025 0.079221
v 0.088812 0.074025 -0.079221
v 0.088361 0.078606 -0.079221
v 0.090148 0.069620 0.079221
v 0.090148 0.069620 -0.079221
v 0.092318 0.065561 0.079221
v 0.092318 0.065561 -0.079221
v 0.095238 0.062003 0.079221
v 0.095238 0.062003 -0.079221
v 0.098796 0.059083 0.079221
v 0.098796 0.059083 -0.079221
v 0.102856 0.056913 0.079221
v 0.102856 0.056913 -0.079221
v 0.107260 0.055577 0.079221
v 0.107260 0.055577 -0.079221
v 0.111841 0.055126 0.079221
v 0.111841 0.055126 -0.079221
v 0.116422 0.055577 0.079221
v 0.116422 0.055577 -0.079221
v 0.120826 0.056913 0.079221
v 0.120826 0.056913 -0.079221
v 0.124886 0.059083 0.079221
v 0.124886 0.059083 -0.079221
v 0.128444 0.062003 0.079221
v 0.128444 0.062003 -0.079221
v 0.131364 0.065561 0.079221
v 0.131364 0.065561 -0.079221
v 0.133534 0.069620 0.079221
v 0.133534 0.069620 -0.079221
v 0.134870 0.074025 0.079221
v 0.134870 0.074025 -0.079221
v 0.135321 0.078606 0.079221
v 0.135321 0.078606 -0.079221
v 0.134870 0.083186 0.079221
v 0.134870 0.083186 -0.079221
v 0.133534 0.087591 0.079221
v 0.133534 0.087591 -0.079221
v 0.131364 0.091650 0.079221
v 0.131364 0.091650 -0.079221
v 0.128444 0.095208 0.079221
v 0.128444 0.095208 -0.079221
v 0.124886 0.098128 0.079221
v 0.124886 0.098128 -0.079221
v 0.120826 0.100298 0.079221
v 0.120826 0.100298 -0.079221
v 0.116422 0.101634 0.079221
v 0.116422 0.101634 -0.079221
v 0.111841 0.102086 0.079221
v 0.111841 0.102086 -0.079221
v 0.107260 0.101634 0.079221
v 0.107260 0.101634 -0.079221
v 0.102856 0.100298 0.079221
v 0.102856 0.100298 -0.079221
v 0.098796 0.098128 0.079221
v 0.098796 0.098128 -0.079221
v 0.095238 0.095208 0.079221
v 0.095238 0.095208 -0.079221
v 0.092318 0.091650 0.079221
v 0.092318 0.091650 -0.079221
v 0.090148 0.087591 0.079221
v 0.090148 0.087591 -0.079221
v 0.088812 0.083186 0.079221
v 0.088812 0.083186 -0.079221
v -0.087218 0.078606 -0.070780
v -0.087219 0.078606 0.070780
v -0.084727 0.078606 -0.045444
v -0.083417 0.078606 -0.015659
v -0.083417 0.078606 0.015659
v -0.084727 0.078606 0.045444
v -0.087692 0.073802 0.070780
v -0.087692 0.073802 -0.070780
v -0.085248 0.073316 0.045444
v -0.083963 0.073060 0.015659
v -0.083963 0.073060 -0.015659
v -0.085248 0.073316 -0.045444
v -0.089093 0.069183 0.070780
v -0.089093 0.069183 -0.070780
v -0.086791 0.068229 0.045444
v -0.085580 0.067728 0.015659
v -0.085580 0.067728 -0.015659
v -0.086791 0.068229 -0.045444
v -0.091368 0.064926 0.070780
v -0.091368 0.064926 -0.070780
v -0.089296 0.063542 0.045444
v -0.088207 0.062814 0.015659
v -0.088207 0.062814 -0.015659
v -0.089296 0.063542 -0.045444
v -0.094430 0.061195 0.070780
v -0.094430 0.061195 -0.070780
v -0.092668 0.059433 0.045444
v -0.091742 0.058507 0.015659
v -0.091742 0.058507 -0.015659
v -0.092668 0.059433 -0.045444
v -0.098161 0.058133 0.070780
v -0.098161 0.058133 -0.070780
v -0.096777 0.056061 0.045444
v -0.096049 0.054972 0.015659
v -0.096049 0.054972 -0.015659
v -0.096777 0.056061 -0.045444
v -0.102418 0.055857 0.070780
v -0.102418 0.055857 -0.070780
v -0.101465 0.053555 0.045444
v -0.100964 0.052345 0.015659
v -0.100964 0.052345 -0.015659
v -0.101465 0.053555 -0.045444
v -0.107037 0.054456 0.070780
v -0.107037 0.054456 -0.070780
v -0.106551 0.052012 0.045444
v -0.106296 0.050728 0.015659
v -0.106296 0.050728 -0.015659
v -0.106551 0.052012 -0.045444
v -0.111841 0.053983 0.070780
v -0.111841 0.053983 -0.070780
v -0.111841 0.051491 0.045444
v -0.111841 0.050181 0.015659
v -0.111841 0.050181 -0.015659
v -0.111841 0.051491 -0.045444
v -0.116645 0.054456 0.070780
v -0.116645 0.054456 -0.070780
v -0.117131 0.052012 0.045444
v -0.117386 0.050728 0.015659
v -0.117386 0.050728 -0.015659
v -0.117131 0.052012 -0.045444
v -0.121264 0.055857 0.070780
v -0.121264 0.055857 -0.070780
v -0.122217 0.053555 0.045444
v -0.122718 0.052345 0.015659
v -0.122718 0.052345 -0.015659
v -0.122217 0.053555 -0.045444
v -0.125520 0.058133 0.070780
v -0.125520 0.058133 -0.070780
v -0.126905 0.056061 0.045444
v -0.127633 0.054972 0.015659
v -0.127633 0.054972 -0.015659
v -0.126905 0.056061 -0.045444
v -0.129252 0.061195 0.070780
v -0.129252 0.061195 -0.070780
v -0.131014 0.059433 0.045444
v -0.131940 0.058507 0.015659
v -0.131940 0.058507 -0.015659
v -0.131014 0.059433 -0.045444
v -0.132314 0.064926 0.070780
v -0.132314 0.064926 -0.070780
v -0.134386 0.063542 0.045444
v -0.135475 0.062814 0.015659
v -0.135475 0.062814 -0.015659
v -0.134386 0.063542 -0.045444
v -0.134589 0.069183 0.070780
v -0.134589 0.069183 -0.070780
v -0.136891 0.068229 0.045444
v -0.138101 0.067728 0.015659
v -0.138101 0.067728 -0.015659
v -0.136891 0.068229 -0.045444
v -0.135990 0.073802 0.070780
v -0.135990 0.073802 -0.070780
v -0.138434 0.073316 0.045444
v -0.139719 0.073060 0.015659
v -0.139719 0.073060 -0.015659
v -0.138434 0.073316 -0.045444
v -0.136463 0.078606 0.070780
v -0.136463 0.078606 -0.070780
v -0.138955 0.078606 0.045444
v -0.140265 0.078606 0.015659
v -0.140265 0.078606 -0.015659
v -0.138955 0.078606 -0.045444
v -0.135990 0.083409 0.070780
v -0.135990 0.083409 -0.070780
v -0.138434 0.083895 0.045444
v -0.139719 0.084151 0.015659
v -0.139719 0.084151 -0.015659
v -0.138434 0.083895 -0.045444
v -0.134589 0.088028 0.070780
v -0.134589 0.088028 -0.070780
v -0.136891 0.088982 0.045444
v -0.138101 0.089483 0.015659
v -0.138101 0.089483 -0.015659
v -0.136891 0.088982 -0.045444
v -0.132314 0.092285 0.070780
v -0.132314 0.092285 -0.070780
v -0.134386 0.093669 0.045444
v -0.135475 0.094397 0.015659
v -0.135475 0.094397 -0.015659
v -0.134386 0.093669 -0.045444
v -0.129252 0.096016 0.070780
v -0.129252 0.096016 -0.070780
v -0.131014 0.097778 0.045444
v -0.131940 0.098705 0.015659
v -0.131940 0.098705 -0.015659
v -0.131014 0.097778 -0.045444
v -0.125520 0.099078 0.070780
v -0.125520 0.099078 -0.070780
v -0.126905 0.101150 0.045444
v -0.127633 0.102239 0.015659
v -0.127633 0.102239 -0.015659
v -0.126905 0.101150 -0.045444
v -0.121264 0.101354 0.070780
v -0.121264 0.101354 -0.070780
v -0.122217 0.103656 0.045444
v -0.122718 0.104866 0.015659
v -0.122718 0.104866 -0.015659
v -0.122217 0.103656 -0.045444
v -0.116645 0.102755 0.070780
v -0.116645 0.102755 -0.070780
v -0.117131 0.105199 0.045444
v -0.117386 0.106484 0.015659
v -0.117386 0.106484 -0.015659
v -0.117131 0.105199 -0.045444
v -0.111841 0.103228 0.070780
v -0.111841 0.103228 -0.070780
v -0.111841 0.105720 0.045444
v -0.111841 0.107030 0.015659
v -0.111841 0.107030 -0.015659
v -0.111841 0.105720 -0.045444
v -0.107037 0.102755 0.070780
v -0.107037 0.102755 -0.070780
v -0.106551 0.105199 0.045444
v -0.106296 0.106484 0.015659
v -0.106296 0.106484 -0.015659
v -0.106551 0.105199 -0.045444
v -0.102418 0.101354 0.070780
v -0.102418 0.101354 -0.070780
v -0.101465 0.103656 0.045444
v -0.100964 0.104866 0.015659
v -0.100964 0.104866 -0.015659
v -0.101465 0.103656 -0.045444
v -0.098161 0.099078 0.070780
v -0.098161 0.099078 -0.070780
v -0.096777 0.101150 0.045444
v -0.096049 0.102239 0.015659
v -0.096049 0.102239 -0.015659
v -0.096777 0.101150 -0.045444
v -0.094430 0.096016 0.070780
v -0.094430 0.096016 -0.070780
v -0.092668 0.097778 0.045444
v -0.091742 0.098705 0.015659
v -0.091742 0.098705 -0.015659
v -0.092668 0.097778 -0.045444
v -0.091368 0.092285 0.070780
v -0.091368 0.092285 -0.070780
v -0.089296 0.093669 0.045444
v -0.088207 0.094397 0.015659
v -0.088207 0.094397 -0.015659
v -0.089296 0.093669 -0.045444
v -0.089093 0.088028 0.070780
v -0.089093 0.088028 -0.070780
v -0.086791 0.088982 0.045444
v -0.085580 0.089483 0.015659
v -0.085580 0.089483 -0.015659
v -0.086791 0.088982 -0.045444
v -0.087692 0.083409 0.070780
v -0.087692 0.083409 -0.070780
v -0.085248 0.083895 0.045444
v -0.083963 0.084151 0.015659
v -0.083963 0.084151 -0.015659
v -0.085248 0.083895 -0.045444
v -0.088361 0.078606 0.079221
v -0.088812 0.074025 0.079221
v -0.088812 0.074025 -0.079221
v -0.088361 0.078606 -0.079221
v -0.090148 0.069620 0.079221
v -0.090148 0.069620 -0.079221
v -0.092318 0.065561 0.079221
v -0.092318 0.065561 -0.079221
v -0.095238 0.062003 0.079221
v -0.095238 0.062003 -0.079221
v -0.098796 0.059083 0.079221
v -0.098796 0.059083 -0.079221
v -0.102856 0.056913 0.079221
v -0.102856 0.056913 -0.079221
v -0.107260 0.055577 0.079221
v -0.107260 0.055577 -0.079221
v -0.111841 0.055126 0.079221
v -0.111841 0.055126 -0.079221
v -0.116422 0.055577 0.079221
v -0.116422 0.055577 -0.079221
v -0.120826 0.056913 0.079221
v -0.120826 0.056913 -0.079221
v -0.124886 0.059083 0.079221
v -0.124886 0.059083 -0.079221
v -0.128444 0.062003 0.079221
v -0.128444 0.062003 -0.079221
v -0.131364 0.065561 0.079221
v -0.131364 0.065561 -0.079221
v -0.133534 0.069620 0.079221
v -0.133534 0.069620 -0.079221
v -0.134870 0.074025 0.079221
v -0.134870 0.074025 -0.079221
v -0.135321 0.078606 0.079221
v -0.135321 0.078606 -0.079221
v -0.134870 0.083186 0.079221
v -0.134870 0.083186 -0.079221
v -0.133534 0.087591 0.079221
v -0.133534 0.087591 -0.079221
v -0.131364 0.091650 0.079221
v -0.131364 0.091650 -0.079221
v -0.128444 0.095208 0.079221
v -0.128444 0.095208 -0.079221
v -0.124886 0.098128 0.079221
v -0.124886 0.098128 -0.079221
v -0.120826 0.100298 0.079221
v -0.120826 0.100298 -0.079221
v -0.116422 0.101634 0.079221
v -0.116422 0.101634 -0.079221
v -0.111841 0.102086 0.079221
v -0.111841 0.102086 -0.079221
v -0.107260 0.101634 0.079221
v -0.107260 0.101634 -0.079221
v -0.102856 0.100298 0.079221
v -0.102856 0.100298 -0.079221
v -0.098796 0.098128 0.079221
v -0.098796 0.098128 -0.079221
v -0.095238 0.095208 0.079221
v -0.095238 0.095208 -0.079221
v -0.092318 0.091650 0.079221
v -0.092318 0.091650 -0.079221
v -0.090148 0.087591 0.079221
v -0.090148 0.087591 -0.079221
v -0.088812 0.083186 0.079221
v -0.088812 0.083186 -0.079221
v -0.000000 0.132207 0.000000
v -0.000000 0.201298 0.000000
v 0.000000 0.132207 -0.200000
v 0.039018 0.132207 -0.196157
v 0.039018 0.201298 -0.196157
v 0.000000 0.201298 -0.200000
v 0.076537 0.132207 -0.184776
v 0.076537 0.201298 -0.184776
v 0.111114 0.132207 -0.166294
v 0.111114 0.201298 -0.166294
v 0.141421 0.132207 -0.141421
v 0.141421 0.201298 -0.141421
v 0.166294 0.132207 -0.111114
v 0.166294 0.201298 -0.111114
v 0.184776 0.132207 -0.076537
v 0.184776 0.201298 -0.076537
v 0.196157 0.132207 -0.039018
v 0.196157 0.201298 -0.039018
v 0.200000 0.132207 0.000000
v 0.200000 0.201298 0.000000
v 0.196157 0.132207 0.039018
v 0.196157 0.201298 0.039018
v 0.184776 0.132207 0.076537
v 0.184776 0.201298 0.076537
v 0.166294 0.132207 0.111114
v 0.166294 0.201298 0.111114
v 0.141421 0.132207 0.141421
v 0.141421 0.201298 0.141421
v 0.111114 0.132207 0.166294
v 0.111114 0.201298 0.166294
v 0.076537 0.132207 0.184776
v 0.076537 0.201298 0.184776
v 0.039018 0.132207 0.196157
v 0.039018 0.201298 0.196157
v 0.000000 0.132207 0.200000
v 0.000000 0.201298 0.200000
v -0.039018 0.132207 0.196157
v -0.039018 0.201298 0.196157
v -0.076537 0.132207 0.184776
v -0.076537 0.201298 0.184776
v -0.111114 0.132207 0.166294
v -0.111114 0.201298 0.166294
v -0.141421 0.132207 0.141421
v -0.141421 0.201298 0.141421
v -0.166294 0.132207 0.111114
v -0.166294 0.201298 0.111114
v -0.184776 0.132207 0.076537
v -0.184776 0.201298 0.076537
v -0.196157 0.132207 0.039018
v -0.196157 0.201298 0.039018
v -0.200000 0.132207 0.000000
v -0.200000 0.201298 0.000000
v -0.196157 0.132207 -0.039018
v -0.196157 0.201298 -0.039018
v -0.184776 0.132207 -0.076537
v -0.184776 0.201298 -0.076537
v -0.166294 0.132207 -0.111114
v -0.166294 0.201298 -0.111114
v -0.141421 0.132207 -0.141421
v -0.141421 0.201298 -0.141421
v -0.111114 0.132207 -0.166294
v -0.111114 0.201298 -0.166294
v -0.076537 0.132207 -0.184776
v -0.076537 0.201298 -0.184776
v -0.039018 0.132207 -0.196157
v -0.039018 0.201298 -0.196157
v 0.042859 0.078606 0.084727
v 0.014768 0.078606 0.083417
v -0.014768 0.078606 0.083417
v -0.042859 0.078606 0.084727
v -0.042859 0.073316 0.085248
v -0.014768 0.073060 0.083963
v 0.014768 0.073060 0.083963
v 0.042859 0.073316 0.085248
v -0.042859 0.068229 0.086791
v -0.014768 0.067728 0.085580
v 0.014768 0.067728 0.085580
v 0.042859 0.068229 0.086791
v -0.042859 0.063542 0.089296
v -0.014768 0.062814 0.088207
v 0.014768 0.062814 0.088207
v 0.042859 0.063542 0.089296
v -0.042859 0.059433 0.092668
v -0.014768 0.058507 0.091742
v 0.014768 0.058507 0.091742
v 0.042859 0.059433 0.092668
v -0.042859 0.056061 0.096777
v -0.014768 0.054972 0.096049
v 0.014768 0.054972 0.096049
v 0.042859 0.056061 0.096777
v -0.042859 0.053555 0.101465
v -0.014768 0.052345 0.100964
v 0.014768 0.052345 0.100964
v 0.042859 0.053555 0.101465
v -0.042859 0.052012 0.106551
v -0.014768 0.050728 0.106296
v 0.014768 0.050728 0.106296
v 0.042859 0.052012 0.106551
v -0.042859 0.051491 0.111841
v -0.014768 0.050181 0.111841
v 0.014768 0.050181 0.111841
v 0.042859 0.051491 0.111841
v -0.042859 0.052012 0.117131
v -0.014768 0.050728 0.117386
v 0.014768 0.050728 0.117386
v 0.042859 0.052012 0.117131
v -0.042859 0.053555 0.122217
v -0.014768 0.052345 0.122718
v 0.014768 0.052345 0.122718
v 0.042859 0.053555 0.122217
v -0.042859 0.056061 0.126905
v -0.014768 0.054972 0.127633
v 0.014768 0.054972 0.127633
v 0.042859 0.056061 0.126905
v -0.042859 0.059433 0.131014
v -0.014768 0.058507 0.131940
v 0.014768 0.058507 0.131940
v 0.042859 0.059433 0.131014
v -0.042859 0.063542 0.134386
v -0.014768 0.062814 0.135475
v 0.014768 0.062814 0.135475
v 0.042859 0.063542 0.134386
v -0.042859 0.068229 0.136891
v -0.014768 0.067728 0.138101
v 0.014768 0.067728 0.138101
v 0.042859 0.068229 0.136891
v -0.042859 0.073316 0.138434
v -0.014768 0.073060 0.139719
v 0.014768 0.073060 0.139719
v 0.042859 0.073316 0.138434
v -0.042859 0.078606 0.138955
v -0.014768 0.078606 0.140265
v 0.014768 0.078606 0.140265
v 0.042859 0.078606 0.138955
v -0.042859 0.083895 0.138434
v -0.014768 0.084151 0.139719
v 0.014768 0.084151 0.139719
v 0.042859 0.083895 0.138434
v -0.042859 0.088982 0.136891
v -0.014768 0.089483 0.138101
v 0.014768 0.089483 0.138101
v 0.042859 0.088982 0.136891
v -0.042859 0.093669 0.134386
v -0.014768 0.094397 0.135475
v 0.014768 0.094397 0.135475
v 0.042859 0.093669 0.134386
v -0.042859 0.097778 0.131014
v -0.014768 0.098705 0.131940
v 0.014768 0.098705 0.131940
v 0.042859 0.097778 0.131014
v -0.042859 0.101150 0.126905
v -0.014768 0.102239 0.127633
v 0.014768 0.102239 0.127633
v 0.042859 0.101150 0.126905
v -0.042859 0.103656 0.122217
v -0.014768 0.104866 0.122718
v 0.014768 0.104866 0.122718
v 0.042859 0.103656 0.122217
v -0.042859 0.105199 0.117131
v -0.014768 0.106484 0.117386
v 0.014768 0.106484 0.117386
v 0.042859 0.105199 0.117131
v -0.042859 0.105720 0.111841
v -0.014768 0.107030 0.111841
v 0.014768 0.107030 0.111841
v 0.042859 0.105720 0.111841
v -0.042859 0.105199 0.106551
v -0.014768 0.106484 0.106296
v 0.014768 0.106484 0.106296
v 0.042859 0.105199 0.106551
v -0.042859 0.103656 0.101465
v -0.014768 0.104866 0.100964
v 0.014768 0.104866 0.100964
v 0.042859 0.103656 0.101465
v -0.042859 0.101150 0.096777
v -0.014768 0.102239 0.096049
v 0.014768 0.102239 0.096049
v 0.042859 0.101150 0.096777
v -0.042859 0.097778 0.092668
v -0.014768 0.098705 0.091742
v 0.014768 0.098705 0.091742
v 0.042859 0.097778 0.092668
v -0.042859 0.093669 0.089296
v -0.014768 0.094397 0.088207
v 0.014768 0.094397 0.088207
v 0.042859 0.093669 0.089296
v -0.042859 0.088982 0.086791
v -0.014768 0.089483 0.085580
v 0.014768 0.089483 0.085580
v 0.042859 0.088982 0.086791
v -0.042859 0.083895 0.085248
v -0.014768 0.084151 0.083963
v 0.014768 0.084151 0.083963
v 0.042859 0.083895 0.085248
v 0.066754 0.083409 0.087692
v 0.066754 0.078606 0.087218
v -0.066754 0.078606 0.087219
v -0.066754 0.083409 0.087692
v 0.066754 0.088028 0.089093
v -0.066754 0.088028 0.089093
v 0.066754 0.092285 0.091368
v -0.066754 0.092285 0.091368
v 0.066754 0.096016 0.094430
v -0.066754 0.096016 0.094430
v 0.066754 0.099078 0.098161
v -0.066754 0.099078 0.098161
v 0.066754 0.101354 0.102418
v -0.066754 0.101354 0.102418
v 0.066754 0.102755 0.107037
v -0.066754 0.102755 0.107037
v 0.066754 0.103228 0.111841
v -0.066754 0.103228 0.111841
v 0.066754 0.102755 0.116645
v -0.066754 0.102755 0.116645
v 0.066754 0.101354 0.121264
v -0.066754 0.101354 0.121264
v 0.066754 0.099078 0.125520
v -0.066754 0.099078 0.125520
v 0.066754 0.096016 0.129252
v -0.066754 0.096016 0.129252
v 0.066754 0.092285 0.132314
v -0.066754 0.092285 0.132314
v 0.066754 0.088028 0.134589
v -0.066754 0.088028 0.134589
v 0.066754 0.083409 0.135990
v -0.066754 0.083409 0.135990
v 0.066754 0.078606 0.136463
v -0.066754 0.078606 0.136463
v 0.066754 0.073802 0.135990
v -0.066754 0.073802 0.135990
v 0.066754 0.069183 0.134589
v -0.066754 0.069183 0.134589
v 0.066754 0.064926 0.132314
v -0.066754 0.064926 0.132314
v 0.066754 0.061195 0.129252
v -0.066754 0.061195 0.129252
v 0.066754 0.058133 0.125520
v -0.066754 0.058133 0.125520
v 0.066754 0.055857 0.121264
v -0.066754 0.055857 0.121264
v 0.066754 0.054456 0.116645
v -0.066754 0.054456 0.116645
v 0.066754 0.053983 0.111841
v -0.066754 0.053983 0.111841
v 0.066754 0.054456 0.107037
v -0.066754 0.054456 0.107037
v 0.066754 0.055857 0.102418
v -0.066754 0.055857 0.102418
v 0.066754 0.058133 0.098161
v -0.066754 0.058133 0.098161
v 0.066754 0.061195 0.094430
v -0.066754 0.061195 0.094430
v 0.066754 0.064926 0.091368
v -0.066754 0.064926 0.091368
v 0.066754 0.069183 0.089093
v -0.066754 0.069183 0.089093
v 0.066754 0.073802 0.087692
v -0.066754 0.073802 0.087692
v 0.042859 0.078606 -0.084727
v 0.014768 0.078606 -0.083417
v -0.014768 0.078606 -0.083417
v -0.042859 0.078606 -0.084727
v -0.042859 0.073316 -0.085248
v -0.014768 0.073060 -0.083963
v 0.014768 0.073060 -0.083963
v 0.042859 0.073316 -0.085248
v -0.042859 0.068229 -0.086791
v -0.014768 0.067728 -0.085580
v 0.014768 0.067728 -0.085580
v 0.042859 0.068229 -0.086791
v -0.042859 0.063542 -0.089296
v -0.014768 0.062814 -0.088207
v 0.014768 0.062814 -0.088207
v 0.042859 0.063542 -0.089296
v -0.042859 0.059433 -0.092668
v -0.014768 0.058507 -0.091742
v 0.014768 0.058507 -0.091742
v 0.042859 0.059433 -0.092668
v -0.042859 0.056061 -0.096777
v -0.014768 0.054972 -0.096049
v 0.014768 0.054972 -0.096049
v 0.042859 0.056061 -0.096777
v -0.042859 0.053555 -0.101465
v -0.014768 0.052345 -0.100964
v 0.014768 0.052345 -0.100964
v 0.042859 0.053555 -0.101465
v -0.042859 0.052012 -0.106551
v -0.014768 0.050728 -0.106296
v 0.014768 0.050728 -0.106296
v 0.042859 0.052012 -0.106551
v -0.042859 0.051491 -0.111841
v -0.014768 0.050181 -0.111841
v 0.014768 0.050181 -0.111841
v 0.042859 0.051491 -0.111841
v -0.042859 0.052012 -0.117131
v -0.014768 0.050728 -0.117386
v 0.014768 0.050728 -0.117386
v 0.042859 0.052012 -0.117131
v -0.042859 0.053555 -0.122217
v -0.014768 0.052345 -0.122718
v 0.014768 0.052345 -0.122718
v 0.042859 0.053555 -0.122217
v -0.042859 0.056061 -0.126905
v -0.014768 0.054972 -0.127633
v 0.014768 0.054972 -0.127633
v 0.042859 0.056061 -0.126905
v -0.042859 0.059433 -0.131014
v -0.014768 0.058507 -0.131940
v 0.014768 0.058507 -0.131940
v 0.042859 0.059433 -0.131014
v -0.042859 0.063542 -0.134386
v -0.014768 0.062814 -0.135475
v 0.014768 0.062814 -0.135475
v 0.042859 0.063542 -0.134386
v -0.042859 0.068229 -0.136891
v -0.014768 0.067728 -0.138101
v 0.014768 0.067728 -0.138101
v 0.042859 0.068229 -0.136891
v -0.042859 0.073316 -0.138434
v -0.014768 0.073060 -0.139719
v 0.014768 0.073060 -0.139719
v 0.042859 0.073316 -0.138434
v -0.042859 0.078606 -0.138955
v -0.014768 0.078606 -0.140265
v 0.014768 0.078606 -0.140265
v 0.042859 0.078606 -0.138955
v -0.042859 0.083895 -0.138434
v -0.014768 0.084151 -0.139719
v 0.014768 0.084151 -0.139719
v 0.042859 0.083895 -0.138434
v -0.042859 0.088982 -0.136891
v -0.014768 0.089483 -0.138101
v 0.014768 0.089483 -0.138101
v 0.042859 0.088982 -0.136891
v -0.042859 0.093669 -0.134386
v -0.014768 0.094397 -0.135475
v 0.014768 0.094397 -0.135475
v 0.042859 0.093669 -0.134386
v -0.042859 0.097778 -0.131014
v -0.014768 0.098705 -0.131940
v 0.014768 0.098705 -0.131940
v 0.042859 0.097778 -0.131014
v -0.042859 0.101150 -0.126905
v -0.014768 0.102239 -0.127633
v 0.014768 0.102239 -0.127633
v 0.042859 0.101150 -0.126905
v -0.042859 0.103656 -0.122217
v -0.014768 0.104866 -0.122718
v 0.014768 0.104866 -0.122718
v 0.042859 0.103656 -0.122217
v -0.042859 0.105199 -0.117131
v -0.014768 0.106484 -0.117386
v 0.014768 0.106484 -0.117386
v 0.042859 0.105199 -0.117131
v -0.042859 0.105720 -0.111841
v -0.014768 0.107030 -0.111841
v 0.014768 0.107030 -0.111841
v 0.042859 0.105720 -0.111841
v -0.042859 0.105199 -0.106551
v -0.014768 0.106484 -0.106296
v 0.014768 0.106484 -0.106296
v 0.042859 0.105199 -0.106551
v -0.042859 0.103656 -0.101465
v -0.014768 0.104866 -0.100964
v 0.014768 0.104866 -0.100964
v 0.042859 0.103656 -0.101465
v -0.042859 0.101150 -0.096777
v -0.014768 0.102239 -0.096049
v 0.014768 0.102239 -0.096049
v 0.042859 0.101150 -0.096777
v -0.042859 0.097778 -0.092668
v -0.014768 0.098705 -0.091742
v 0.014768 0.098705 -0.091742
v 0.042859 0.097778 -0.092668
v -0.042859 0.093669 -0.089296
v -0.014768 0.094397 -0.088207
v 0.014768 0.094397 -0.088207
v 0.042859 0.093669 -0.089296
v -0.042859 0.088982 -0.086791
v -0.014768 0.089483 -0.085580
v 0.014768 0.089483 -0.085580
v 0.042859 0.088982 -0.086791
v -0.042859 0.083895 -0.085248
v -0.014768 0.084151 -0.083963
v 0.014768 0.084151 -0.083963
v 0.042859 0.083895 -0.085248
v 0.066754 0.083409 -0.087692
v 0.066754 0.078606 -0.087218
v -0.066754 0.078606 -0.087219
v -0.066754 0.083409 -0.087692
v 0.066754 0.088028 -0.089093
v -0.066754 0.088028 -0.089093
v 0.066754 0.092285 -0.091368
v -0.066754 0.092285 -0.091368
v 0.066754 0.096016 -0.094430
v -0.066754 0.096016 -0.094430
v 0.066754 0.099078 -0.098161
v -0.066754 0.099078 -0.098161
v 0.066754 0.101354 -0.102418
v -0.066754 0.101354 -0.102418
v 0.066754 0.102755 -0.107037
v -0.066754 0.102755 -0.107037
v 0.066754 0.103228 -0.111841
v -0.066754 0.103228 -0.111841
v 0.066754 0.102755 -0.116645
v -0.066754 0.102755 -0.116645
v 0.066754 0.101354 -0.121264
v -0.066754 0.101354 -0.121264
v 0.066754 0.099078 -0.125520
v -0.066754 0.099078 -0.125520
v 0.066754 0.096016 -0.129252
v -0.066754 0.096016 -0.129252
v 0.066754 0.092285 -0.132314
v -0.066754 0.092285 -0.132314
v 0.066754 0.088028 -0.134589
v -0.066754 0.088028 -0.134589
v 0.066754 0.083409 -0.135990
v -0.066754 0.083409 -0.135990
v 0.066754 0.078606 -0.136463
v -0.066754 0.078606 -0.136463
v 0.066754 0.073802 -0.135990
v -0.066754 0.073802 -0.135990
v 0.066754 0.069183 -0.134589
v -0.066754 0.069183 -0.134589
v 0.066754 0.064926 -0.132314
v -0.066754 0.064926 -0.132314
v 0.066754 0.061195 -0.129252
v -0.066754 0.061195 -0.129252
v 0.066754 0.058133 -0.125520
v -0.066754 0.058133 -0.125520
v 0.066754 0.055857 -0.121264
v -0.066754 0.055857 -0.121264
v 0.066754 0.054456 -0.116645
v -0.066754 0.054456 -0.116645
v 0.066754 0.053983 -0.111841
v -0.066754 0.053983 -0.111841
v 0.066754 0.054456 -0.107037
v -0.066754 0.054456 -0.107037
v 0.066754 0.055857 -0.102418
v -0.066754 0.055857 -0.102418
v 0.066754 0.058133 -0.098161
v -0.066754 0.058133 -0.098161
v 0.066754 0.061195 -0.094430
v -0.066754 0.061195 -0.094430
v 0.066754 0.064926 -0.091368
v -0.066754 0.064926 -0.091368
v 0.066754 0.069183 -0.089093
v -0.066754 0.069183 -0.089093
v 0.066754 0.073802 -0.087692
v -0.066754 0.073802 -0.087692
v -0.123233 0.000227 0.126618
v -0.115328 0.026294 0.075561
v -0.122846 0.001503 0.093933
v -0.121723 0.005205 0.086521
v -0.119974 0.010972 0.080639
v -0.117771 0.018239 0.076863
v -0.105372 0.026279 0.076542
v -0.116470 0.001502 0.094561
v -0.113902 0.005202 0.087292
v -0.111006 0.010966 0.081523
v -0.108067 0.018228 0.077819
v -0.095807 0.026236 0.079448
v -0.110339 0.001500 0.096421
v -0.106383 0.005194 0.089574
v -0.102387 0.010948 0.084139
v -0.098742 0.018198 0.080650
v -0.086999 0.026172 0.084166
v -0.104690 0.001497 0.099442
v -0.099454 0.005182 0.093279
v -0.094445 0.010922 0.088388
v -0.090154 0.018154 0.085248
v -0.079285 0.026098 0.090515
v -0.099738 0.001493 0.103506
v -0.093382 0.005168 0.098265
v -0.087487 0.010891 0.094106
v -0.082630 0.018103 0.091436
v -0.072957 0.026025 0.098252
v -0.095674 0.001490 0.108459
v -0.088400 0.005154 0.104341
v -0.081778 0.010861 0.101074
v -0.076457 0.018053 0.098975
v -0.068258 0.025964 0.107079
v -0.092655 0.001487 0.114110
v -0.084698 0.005142 0.111274
v -0.077537 0.010836 0.109023
v -0.071872 0.018011 0.107577
v -0.065365 0.025923 0.116657
v -0.090795 0.001485 0.120241
v -0.082419 0.005135 0.118795
v -0.074926 0.010819 0.117648
v -0.069049 0.017983 0.116911
v -0.064388 0.025909 0.126618
v -0.090168 0.001484 0.126618
v -0.081649 0.005132 0.126618
v -0.074044 0.010814 0.126618
v -0.068096 0.017973 0.126618
v -0.065365 0.025923 0.136578
v -0.090795 0.001485 0.132994
v -0.082419 0.005135 0.134440
v -0.074926 0.010819 0.135588
v -0.069049 0.017983 0.136325
v -0.068258 0.025964 0.146156
v -0.092655 0.001487 0.139126
v -0.084698 0.005142 0.141962
v -0.077537 0.010836 0.144213
v -0.071872 0.018011 0.145658
v -0.072957 0.026025 0.154983
v -0.095674 0.001490 0.144776
v -0.088400 0.005154 0.148894
v -0.081778 0.010861 0.152162
v -0.076457 0.018053 0.154260
v -0.079285 0.026098 0.162720
v -0.099738 0.001493 0.149729
v -0.093382 0.005168 0.154970
v -0.087487 0.010891 0.159130
v -0.082630 0.018103 0.161800
v -0.086999 0.026172 0.169070
v -0.104690 0.001497 0.153794
v -0.099454 0.005182 0.159957
v -0.094445 0.010922 0.164848
v -0.090154 0.018154 0.167988
v -0.095807 0.026236 0.173788
v -0.110339 0.001500 0.156814
v -0.106383 0.005194 0.163662
v -0.102387 0.010948 0.169096
v -0.098742 0.018198 0.172586
v -0.105372 0.026279 0.176693
v -0.116470 0.001502 0.158674
v -0.113902 0.005202 0.165944
v -0.111006 0.010966 0.171713
v -0.108067 0.018228 0.175417
v -0.115328 0.026294 0.177674
v -0.122846 0.001503 0.159302
v -0.121723 0.005205 0.166714
v -0.119974 0.010972 0.172596
v -0.117771 0.018239 0.176373
v -0.125293 0.026279 0.176693
v -0.129223 0.001502 0.158674
v -0.129547 0.005202 0.165944
v -0.128946 0.010966 0.171713
v -0.127481 0.018228 0.175417
v -0.134884 0.026236 0.173788
v -0.135355 0.001500 0.156814
v -0.137071 0.005194 0.163662
v -0.137577 0.010948 0.169096
v -0.136823 0.018198 0.172586
v -0.143730 0.026172 0.169070
v -0.141007 0.001497 0.153794
v -0.144007 0.005182 0.159957
v -0.145534 0.010922 0.164848
v -0.145439 0.018154 0.167988
v -0.151489 0.026098 0.162720
v -0.145961 0.001493 0.149729
v -0.150087 0.005168 0.154970
v -0.152511 0.010891 0.159130
v -0.152994 0.018103 0.161800
v -0.157861 0.026025 0.154983
v -0.150027 0.001490 0.144776
v -0.155078 0.005154 0.148894
v -0.158238 0.010861 0.152162
v -0.159197 0.018053 0.154260
v -0.162598 0.025964 0.146156
v -0.153048 0.001487 0.139126
v -0.158787 0.005142 0.141962
v -0.162494 0.010836 0.144213
v -0.163808 0.018011 0.145658
v -0.165515 0.025923 0.136578
v -0.154908 0.001485 0.132994
v -0.161071 0.005135 0.134440
v -0.165116 0.010819 0.135588
v -0.166647 0.017983 0.136325
v -0.166501 0.025909 0.126618
v -0.155537 0.001484 0.126618
v -0.161842 0.005132 0.126618
v -0.166001 0.010814 0.126618
v -0.167606 0.017973 0.126618
v -0.165515 0.025923 0.116657
v -0.154908 0.001485 0.120241
v -0.161071 0.005135 0.118795
v -0.165116 0.010819 0.117648
v -0.166647 0.017983 0.116911
v -0.162598 0.025964 0.107079
v -0.153048 0.001487 0.114110
v -0.158787 0.005142 0.111274
v -0.162494 0.010836 0.109023
v -0.163808 0.018011 0.107577
v -0.157861 0.026025 0.098252
v -0.150027 0.001490 0.108459
v -0.155078 0.005154 0.104341
v -0.158238 0.010861 0.101074
v -0.159197 0.018053 0.098975
v -0.151489 0.026098 0.090515
v -0.145961 0.001493 0.103506
v -0.150087 0.005168 0.098265
v -0.152511 0.010891 0.094106
v -0.152994 0.018103 0.091436
v -0.143730 0.026172 0.084166
v -0.141007 0.001497 0.099442
v -0.144007 0.005182 0.093279
v -0.145534 0.010922 0.088388
v -0.145439 0.018154 0.085248
v -0.134884 0.026236 0.079448
v -0.135355 0.001500 0.096421
v -0.137071 0.005194 0.089574
v -0.137577 0.010948 0.084139
v -0.136823 0.018198 0.080650
v -0.125293 0.026279 0.076542
v -0.129223 0.001502 0.094561
v -0.129547 0.005202 0.087292
v -0.128946 0.010966 0.081523
v -0.127481 0.018228 0.077819
v 0.123233 0.000227 0.126618
v 0.115328 0.026294 0.075561
v 0.122846 0.001503 0.093933
v 0.121723 0.005205 0.086521
v 0.119974 0.010972 0.080639
v 0.117771 0.018239 0.076863
v 0.105372 0.026279 0.076542
v 0.116470 0.001502 0.094561
v 0.113902 0.005202 0.087292
v 0.111006 0.010966 0.081523
v 0.108067 0.018228 0.077819
v 0.095807 0.026236 0.079448
v 0.110339 0.001500 0.096421
v 0.106383 0.005194 0.089574
v 0.102387 0.010948 0.084139
v 0.098742 0.018198 0.080650
v 0.086999 0.026172 0.084166
v 0.104690 0.001497 0.099442
v 0.099454 0.005182 0.093279
v 0.094445 0.010922 0.088388
v 0.090154 0.018154 0.085248
v 0.079285 0.026098 0.090515
v 0.099738 0.001493 0.103506
v 0.093382 0.005168 0.098265
v 0.087487 0.010891 0.094106
v 0.082630 0.018103 0.091436
v 0.072957 0.026025 0.098252
v 0.095674 0.001490 0.108459
v 0.088400 0.005154 0.104341
v 0.081778 0.010861 0.101074
v 0.076457 0.018053 0.098975
v 0.068258 0.025964 0.107079
v 0.092655 0.001487 0.114110
v 0.084698 0.005142 0.111274
v 0.077537 0.010836 0.109023
v 0.071872 0.018011 0.107577
v 0.065365 0.025923 0.116657
v 0.090795 0.001485 0.120241
v 0.082419 0.005135 0.118795
v 0.074926 0.010819 0.117648
v 0.069049 0.017983 0.116911
v 0.064388 0.025909 0.126618
v 0.090168 0.001484 0.126618
v 0.081649 0.005132 0.126618
v 0.074044 0.010814 0.126618
v 0.068096 0.017973 0.126618
v 0.065365 0.025923 0.136578
v 0.090795 0.001485 0.132994
v 0.082419 0.005135 0.134440
v 0.074926 0.010819 0.135588
v 0.069049 0.017983 0.136325
v 0.068258 0.025964 0.146156
v 0.092655 0.001487 0.139126
v 0.084698 0.005142 0.141962
v 0.077537 0.010836 0.144213
v 0.071872 0.018011 0.145658
v 0.072957 0.026025 0.154983
v 0.095674 0.001490 0.144776
v 0.088400 0.005154 0.148894
v 0.081778 0.010861 0.152162
v 0.076457 0.018053 0.154260
v 0.079285 0.026098 0.162720
v 0.099738 0.001493 0.149729
v 0.093382 0.005168 0.154970
v 0.087487 0.010891 0.159130
v 0.082630 0.018103 0.161800
v 0.086999 0.026172 0.169070
v 0.104690 0.001497 0.153794
v 0.099454 0.005182 0.159957
v 0.094445 0.010922 0.164848
v 0.090154 0.018154 0.167988
v 0.095807 0.026236 0.173788
v 0.110339 0.001500 0.156814
v 0.106383 0.005194 0.163662
v 0.102387 0.010948 0.169096
v 0.098742 0.018198 0.172586
v 0.105372 0.026279 0.176693
v 0.116470 0.001502 0.158674
v 0.113902 0.005202 0.165944
v 0.111006 0.010966 0.171713
v 0.108067 0.018228 0.175417
v 0.115328 0.026294 0.177674
v 0.122846 0.001503 0.159302
v 0.121723 0.005205 0.166714
v 0.119974 0.010972 0.172596
v 0.117771 0.018239 0.176373
v 0.125293 0.026279 0.176693
v 0.129223 0.001502 0.158674
v 0.129547 0.005202 0.165944
v 0.128946 0.010966 0.171713
v 0.127481 0.018228 0.175417
v 0.134884 0.026236 0.173788
v 0.135355 0.001500 0.156814
v 0.137071 0.005194 0.163662
v 0.137577 0.010948 0.169096
v 0.136823 0.018198 0.172586
v 0.143730 0.026172 0.169070
v 0.141007 0.001497 0.153794
v 0.144007 0.005182 0.159957
v 0.145534 0.010922 0.164848
v 0.145439 0.018154 0.167988
v 0.151489 0.026098 0.162720
v 0.145961 0.001493 0.149729
v 0.150087 0.005168 0.154970
v 0.152511 0.010891 0.159130
v 0.152994 0.018103 0.161800
v 0.157861 0.026025 0.154983
v 0.150027 0.001490 0.144776
v 0.155078 0.005154 0.148894
v 0.158238 0.010861 0.152162
v 0.159197 0.018053 0.154260
v 0.162598 0.025964 0.146156
v 0.153048 0.001487 0.139126
v 0.158787 0.005142 0.141962
v 0.162494 0.010836 0.144213
v 0.163808 0.018011 0.145658
v 0.165515 0.025923 0.136578
v 0.154908 0.001485 0.132994
v 0.161071 0.005135 0.134440
v 0.165116 0.010819 0.135588
v 0.166647 0.017983 0.136325
v 0.166501 0.025909 0.126618
v 0.155537 0.001484 0.126618
v 0.161842 0.005132 0.126618
v 0.166001 0.010814 0.126618
v 0.167606 0.017973 0.126618
v 0.165515 0.025923 0.116657
v 0.154908 0.001485 0.120241
v 0.161071 0.005135 0.118795
v 0.165116 0.010819 0.117648
v 0.166647 0.017983 0.116911
v 0.162598 0.025964 0.107079
v 0.153048 0.001487 0.114110
v 0.158787 0.005142 0.111274
v 0.162494 0.010836 0.109023
v 0.163808 0.018011 0.107577
v 0.157861 0.026025 0.098252
v 0.150027 0.001490 0.108459
v 0.155078 0.005154 0.104341
v 0.158238 0.010861 0.101074
v 0.159197 0.018053 0.098975
v 0.151489 0.026098 0.090515
v 0.145961 0.001493 0.103506
v 0.150087 0.005168 0.098265
v 0.152511 0.010891 0.094106
v 0.152994 0.018103 0.091436
v 0.143730 0.026172 0.084166
v 0.141007 0.001497 0.099442
v 0.144007 0.005182 0.093279
v 0.145534 0.010922 0.088388
v 0.145439 0.018154 0.085248
v 0.134884 0.026236 0.079448
v 0.135355 0.001500 0.096421
v 0.137071 0.005194 0.089574
v 0.137577 0.010948 0.084139
v 0.136823 0.018198 0.080650
v 0.125293 0.026279 0.076542
v 0.129223 0.001502 0.094561
v 0.129547 0.005202 0.087292
v 0.128946 0.010966 0.081523
v 0.127481 0.018228 0.077819
v -0.067631 0.150718 0.042205
v -0.077591 0.150718 0.041224
v -0.058053 0.150718 0.045110
v -0.049226 0.150718 0.049828
v -0.041489 0.150718 0.056178
v -0.035140 0.150718 0.063915
v -0.030421 0.150718 0.072742
v -0.027516 0.150718 0.082319
v -0.026535 0.150718 0.092280
v -0.027516 0.150718 0.102241
v -0.030421 0.150718 0.111819
v -0.035140 0.150718 0.120646
v -0.041489 0.150718 0.128382
v -0.049226 0.150718 0.134732
v -0.058053 0.150718 0.139450
v -0.067631 0.150718 0.142356
v -0.077591 0.150718 0.143337
v -0.087552 0.150718 0.142356
v -0.097130 0.150718 0.139450
v -0.105957 0.150718 0.134732
v -0.113694 0.150718 0.128382
v -0.120043 0.150718 0.120646
v -0.124761 0.150718 0.111819
v -0.127667 0.150718 0.102241
v -0.128648 0.150718 0.092280
v -0.127667 0.150718 0.082319
v -0.124761 0.150718 0.072742
v -0.120043 0.150718 0.063915
v -0.113694 0.150718 0.056178
v -0.105957 0.150718 0.049828
v -0.097130 0.150718 0.045110
v -0.087552 0.150718 0.042205
v 0.067631 0.150718 0.042205
v 0.077591 0.150718 0.041224
v 0.058053 0.150718 0.045110
v 0.049226 0.150718 0.049828
v 0.041489 0.150718 0.056178
v 0.035140 0.150718 0.063915
v 0.030421 0.150718 0.072742
v 0.027516 0.150718 0.082319
v 0.026535 0.150718 0.092280
v 0.027516 0.150718 0.102241
v 0.030421 0.150718 0.111819
v 0.035140 0.150718 0.120646
v 0.041489 0.150718 0.128382
v 0.049226 0.150718 0.134732
v 0.058053 0.150718 0.139450
v 0.067631 0.150718 0.142356
v 0.077591 0.150718 0.143337
v 0.087552 0.150718 0.142356
v 0.097130 0.150718 0.139450
v 0.105957 0.150718 0.134732
v 0.113694 0.150718 0.128382
v 0.120043 0.150718 0.120646
v 0.124761 0.150718 0.111819
v 0.127667 0.150718 0.102241
v 0.128648 0.150718 0.092280
v 0.127667 0.150718 0.082319
v 0.124761 0.150718 0.072742
v 0.120043 0.150718 0.063915
v 0.113694 0.150718 0.056178
v 0.105957 0.150718 0.049828
v 0.097130 0.150718 0.045110
v 0.087552 0.150718 0.042205
v -0.118460 0.000227 0.102620
v -0.123233 0.000227 0.102149
v -0.113870 0.000227 0.104012
v -0.109639 0.000227 0.106273
v -0.105932 0.000227 0.109316
v -0.102889 0.000227 0.113024
v -0.100627 0.000227 0.117254
v -0.099235 0.000227 0.121844
v -0.098765 0.000227 0.126618
v -0.099235 0.000227 0.131391
v -0.100627 0.000227 0.135982
v -0.102889 0.000227 0.140212
v -0.105932 0.000227 0.143920
v -0.109639 0.000227 0.146963
v -0.113870 0.000227 0.149224
v -0.118460 0.000227 0.150616
v -0.123233 0.000227 0.151086
v -0.128007 0.000227 0.150616
v -0.132597 0.000227 0.149224
v -0.136827 0.000227 0.146963
v -0.140535 0.000227 0.143920
v -0.143578 0.000227 0.140212
v -0.145839 0.000227 0.135982
v -0.147232 0.000227 0.131391
v -0.147702 0.000227 0.126618
v -0.147232 0.000227 0.121844
v -0.145839 0.000227 0.117254
v -0.143578 0.000227 0.113024
v -0.140535 0.000227 0.109316
v -0.136827 0.000227 0.106273
v -0.132597 0.000227 0.104012
v -0.128007 0.000227 0.102620
v 0.118460 0.000227 0.102620
v 0.123233 0.000227 0.102149
v 0.113870 0.000227 0.104012
v 0.109639 0.000227 0.106273
v 0.105932 0.000227 0.109316
v 0.102889 0.000227 0.113024
v 0.100627 0.000227 0.117254
v 0.099235 0.000227 0.121844
v 0.098765 0.000227 0.126618
v 0.099235 0.000227 0.131391
v 0.100627 0.000227 0.135982
v 0.102889 0.000227 0.140212
v 0.105932 0.000227 0.143920
v 0.109639 0.000227 0.146963
v 0.113870 0.000227 0.149224
v 0.118460 0.000227 0.150616
v 0.123233 0.000227 0.151086
v 0.128007 0.000227 0.150616
v 0.132597 0.000227 0.149224
v 0.136827 0.000227 0.146963
v 0.140535 0.000227 0.143920
v 0.143578 0.000227 0.140212
v 0.145839 0.000227 0.135982
v 0.147232 0.000227 0.131391
v 0.147702 0.000227 0.126618
v 0.147232 0.000227 0.121844
v 0.145839 0.000227 0.117254
v 0.143578 0.000227 0.113024
v 0.140535 0.000227 0.109316
v 0.136827 0.000227 0.106273
v 0.132597 0.000227 0.104012
v 0.128007 0.000227 0.102620
v -0.123233 0.000227 -0.126618
v -0.115328 0.026294 -0.075561
v -0.122846 0.001503 -0.093933
v -0.121723 0.005205 -0.086521
v -0.119974 0.010972 -0.080639
v -0.117771 0.018239 -0.076863
v -0.105372 0.026279 -0.076542
v -0.116470 0.001502 -0.094561
v -0.113902 0.005202 -0.087292
v -0.111006 0.010966 -0.081523
v -0.108067 0.018228 -0.077819
v -0.095807 0.026236 -0.079448
v -0.110339 0.001500 -0.096421
v -0.106383 0.005194 -0.089574
v -0.102387 0.010948 -0.084139
v -0.098742 0.018198 -0.080650
v -0.086999 0.026172 -0.084166
v -0.104690 0.001497 -0.099442
v -0.099454 0.005182 -0.093279
v -0.094445 0.010922 -0.088388
v -0.090154 0.018154 -0.085248
v -0.079285 0.026098 -0.090515
v -0.099738 0.001493 -0.103506
v -0.093382 0.005168 -0.098265
v -0.087487 0.010891 -0.094106
v -0.082630 0.018103 -0.091436
v -0.072957 0.026025 -0.098252
v -0.095674 0.001490 -0.108459
v -0.088400 0.005154 -0.104341
v -0.081778 0.010861 -0.101074
v -0.076457 0.018053 -0.098975
v -0.068258 0.025964 -0.107079
v -0.092655 0.001487 -0.114110
v -0.084698 0.005142 -0.111274
v -0.077537 0.010836 -0.109023
v -0.071872 0.018011 -0.107577
v -0.065365 0.025923 -0.116657
v -0.090795 0.001485 -0.120241
v -0.082419 0.005135 -0.118795
v -0.074926 0.010819 -0.117648
v -0.069049 0.017983 -0.116911
v -0.064388 0.025909 -0.126618
v -0.090168 0.001484 -0.126618
v -0.081649 0.005132 -0.126618
v -0.074044 0.010814 -0.126618
v -0.068096 0.017973 -0.126618
v -0.065365 0.025923 -0.136578
v -0.090795 0.001485 -0.132994
v -0.082419 0.005135 -0.134440
v -0.074926 0.010819 -0.135588
v -0.069049 0.017983 -0.136325
v -0.068258 0.025964 -0.146156
v -0.092655 0.001487 -0.139126
v -0.084698 0.005142 -0.141962
v -0.077537 0.010836 -0.144213
v -0.071872 0.018011 -0.145658
v -0.072957 0.026025 -0.154983
v -0.095674 0.001490 -0.144776
v -0.088400 0.005154 -0.148894
v -0.081778 0.010861 -0.152162
v -0.076457 0.018053 -0.154260
v -0.079285 0.026098 -0.162720
v -0.099738 0.001493 -0.149729
v -0.093382 0.005168 -0.154970
v -0.087487 0.010891 -0.159130
v -0.082630 0.018103 -0.161800
v -0.086999 0.026172 -0.169070
v -0.104690 0.001497 -0.153794
v -0.099454 0.005182 -0.159957
v -0.094445 0.010922 -0.164848
v -0.090154 0.018154 -0.167988
v -0.095807 0.026236 -0.173788
v -0.110339 0.001500 -0.156814
v -0.106383 0.005194 -0.163662
v -0.102387 0.010948 -0.169096
v -0.098742 0.018198 -0.172586
v -0.105372 0.026279 -0.176693
v -0.116470 0.001502 -0.158674
v -0.113902 0.005202 -0.165944
v -0.111006 0.010966 -0.171713
v -0.108067 0.018228 -0.175417
v -0.115328 0.026294 -0.177674
v -0.122846 0.001503 -0.159302
v -0.121723 0.005205 -0.166714
v -0.119974 0.010972 -0.172596
v -0.117771 0.018239 -0.176373
v -0.125293 0.026279 -0.176693
v -0.129223 0.001502 -0.158674
v -0.129547 0.005202 -0.165944
v -0.128946 0.010966 -0.171713
v -0.127481 0.018228 -0.175417
v -0.134884 0.026236 -0.173788
v -0.135355 0.001500 -0.156814
v -0.137071 0.005194 -0.163662
v -0.137577 0.010948 -0.169096
v -0.136823 0.018198 -0.172586
v -0.143730 0.026172 -0.169070
v -0.141007 0.001497 -0.153794
v -0.144007 0.005182 -0.159957
v -0.145534 0.010922 -0.164848
v -0.145439 0.018154 -0.167988
v -0.151489 0.026098 -0.162720
v -0.145961 0.001493 -0.149729
v -0.150087 0.005168 -0.154970
v -0.152511 0.010891 -0.159130
v -0.152994 0.018103 -0.161800
v -0.157861 0.026025 -0.154983
v -0.150027 0.001490 -0.144776
v -0.155078 0.005154 -0.148894
v -0.158238 0.010861 -0.152162
v -0.159197 0.018053 -0.154260
v -0.162598 0.025964 -0.146156
v -0.153048 0.001487 -0.139126
v -0.158787 0.005142 -0.141962
v -0.162494 0.010836 -0.144213
v -0.163808 0.018011 -0.145658
v -0.165515 0.025923 -0.136578
v -0.154908 0.001485 -0.132994
v -0.161071 0.005135 -0.134440
v -0.165116 0.010819 -0.135588
v -0.166647 0.017983 -0.136325
v -0.166501 0.025909 -0.126618
v -0.155537 0.001484 -0.126618
v -0.161842 0.005132 -0.126618
v -0.166001 0.010814 -0.126618
v -0.167606 0.017973 -0.126618
v -0.165515 0.025923 -0.116657
v -0.154908 0.001485 -0.120241
v -0.161071 0.005135 -0.118795
v -0.165116 0.010819 -0.117648
v -0.166647 0.017983 -0.116911
v -0.162598 0.025964 -0.107079
v -0.153048 0.001487 -0.114110
v -0.158787 0.005142 -0.111274
v -0.162494 0.010836 -0.109023
v -0.163808 0.018011 -0.107577
v -0.157861 0.026025 -0.098252
v -0.150027 0.001490 -0.108459
v -0.155078 0.005154 -0.104341
v -0.158238 0.010861 -0.101074
v -0.159197 0.018053 -0.098975
v -0.151489 0.026098 -0.090515
v -0.145961 0.001493 -0.103506
v -0.150087 0.005168 -0.098265
v -0.152511 0.010891 -0.094106
v -0.152994 0.018103 -0.091436
v -0.143730 0.026172 -0.084166
v -0.141007 0.001497 -0.099442
v -0.144007 0.005182 -0.093279
v -0.145534 0.010922 -0.088388
v -0.145439 0.018154 -0.085248
v -0.134884 0.026236 -0.079448
v -0.135355 0.001500 -0.096421
v -0.137071 0.005194 -0.089574
v -0.137577 0.010948 -0.084139
v -0.136823 0.018198 -0.080650
v -0.125293 0.026279 -0.076542
v -0.129223 0.001502 -0.094561
v -0.129547 0.005202 -0.087292
v -0.128946 0.010966 -0.081523
v -0.127481 0.018228 -0.077819
v 0.123233 0.000227 -0.126618
v 0.115328 0.026294 -0.075561
v 0.122846 0.001503 -0.093933
v 0.121723 0.005205 -0.086521
v 0.119974 0.010972 -0.080639
v 0.117771 0.018239 -0.076863
v 0.105372 0.026279 -0.076542
v 0.116470 0.001502 -0.094561
v 0.113902 0.005202 -0.087292
v 0.111006 0.010966 -0.081523
v 0.108067 0.018228 -0.077819
v 0.095807 0.026236 -0.079448
v 0.110339 0.001500 -0.096421
v 0.106383 0.005194 -0.089574
v 0.102387 0.010948 -0.084139
v 0.098742 0.018198 -0.080650
v 0.086999 0.026172 -0.084166
v 0.104690 0.001497 -0.099442
v 0.099454 0.005182 -0.093279
v 0.094445 0.010922 -0.088388
v 0.090154 0.018154 -0.085248
v 0.079285 0.026098 -0.090515
v 0.099738 0.001493 -0.103506
v 0.093382 0.005168 -0.098265
v 0.087487 0.010891 -0.094106
v 0.082630 0.018103 -0.091436
v 0.072957 0.026025 -0.098252
v 0.095674 0.001490 -0.108459
v 0.088400 0.005154 -0.104341
v 0.081778 0.010861 -0.101074
v 0.076457 0.018053 -0.098975
v 0.068258 0.025964 -0.107079
v 0.092655 0.001487 -0.114110
v 0.084698 0.005142 -0.111274
v 0.077537 0.010836 -0.109023
v 0.071872 0.018011 -0.107577
v 0.065365 0.025923 -0.116657
v 0.090795 0.001485 -0.120241
v 0.082419 0.005135 -0.118795
v 0.074926 0.010819 -0.117648
v 0.069049 0.017983 -0.116911
v 0.064388 0.025909 -0.126618
v 0.090168 0.001484 -0.126618
v 0.081649 0.005132 -0.126618
v 0.074044 0.010814 -0.126618
v 0.068096 0.017973 -0.126618
v 0.065365 0.025923 -0.136578
v 0.090795 0.001485 -0.132994
v 0.082419 0.005135 -0.134440
v 0.074926 0.010819 -0.135588
v 0.069049 0.017983 -0.136325
v 0.068258 0.025964 -0.146156
v 0.092655 0.001487 -0.139126
v 0.084698 0.005142 -0.141962
v 0.077537 0.010836 -0.144213
v 0.071872 0.018011 -0.145658
v 0.072957 0.026025 -0.154983
v 0.095674 0.001490 -0.144776
v 0.088400 0.005154 -0.148894
v 0.081778 0.010861 -0.152162
v 0.076457 0.018053 -0.154260
v 0.079285 0.026098 -0.162720
v 0.099738 0.001493 -0.149729
v 0.093382 0.005168 -0.154970
v 0.087487 0.010891 -0.159130
v 0.082630 0.018103 -0.161800
v 0.086999 0.026172 -0.169070
v 0.104690 0.001497 -0.153794
v 0.099454 0.005182 -0.159957
v 0.094445 0.010922 -0.164848
v 0.090154 0.018154 -0.167988
v 0.095807 0.026236 -0.173788
v 0.110339 0.001500 -0.156814
v 0.106383 0.005194 -0.163662
v 0.102387 0.010948 -0.169096
v 0.098742 0.018198 -0.172586
v 0.105372 0.026279 -0.176693
v 0.116470 0.001502 -0.158674
v 0.113902 0.005202 -0.165944
v 0.111006 0.010966 -0.171713
v 0.108067 0.018228 -0.175417
v 0.115328 0.026294 -0.177674
v 0.122846 0.001503 -0.159302
v 0.121723 0.005205 -0.166714
v 0.119974 0.010972 -0.172596
v 0.117771 0.018239 -0.176373
v 0.125293 0.026279 -0.176693
v 0.129223 0.001502 -0.158674
v 0.129547 0.005202 -0.165944
v 0.128946 0.010966 -0.171713
v 0.127481 0.018228 -0.175417
v 0.134884 0.026236 -0.173788
v 0.135355 0.001500 -0.156814
v 0.137071 0.005194 -0.163662
v 0.137577 0.010948 -0.169096
v 0.136823 0.018198 -0.172586
v 0.143730 0.026172 -0.169070
v 0.141007 0.001497 -0.153794
v 0.144007 0.005182 -0.159957
v 0.145534 0.010922 -0.164848
v 0.145439 0.018154 -0.167988
v 0.151489 0.026098 -0.162720
v 0.145961 0.001493 -0.149729
v 0.150087 0.005168 -0.154970
v 0.152511 0.010891 -0.159130
v 0.152994 0.018103 -0.161800
v 0.157861 0.026025 -0.154983
v 0.150027 0.001490 -0.144776
v 0.155078 0.005154 -0.148894
v 0.158238 0.010861 -0.152162
v 0.159197 0.018053 -0.154260
v 0.162598 0.025964 -0.146156
v 0.153048 0.001487 -0.139126
v 0.158787 0.005142 -0.141962
v 0.162494 0.010836 -0.144213
v 0.163808 0.018011 -0.145658
v 0.165515 0.025923 -0.136578
v 0.154908 0.001485 -0.132994
v 0.161071 0.005135 -0.134440
v 0.165116 0.010819 -0.135588
v 0.166647 0.017983 -0.136325
v 0.166501 0.025909 -0.126618
v 0.155537 0.001484 -0.126618
v 0.161842 0.005132 -0.126618
v 0.166001 0.010814 -0.126618
v 0.167606 0.017973 -0.126618
v 0.165515 0.025923 -0.116657
v 0.154908 0.001485 -0.120241
v 0.161071 0.005135 -0.118795
v 0.165116 0.010819 -0.117648
v 0.166647 0.017983 -0.116911
v 0.162598 0.025964 -0.107079
v 0.153048 0.001487 -0.114110
v 0.158787 0.005142 -0.111274
v 0.162494 0.010836 -0.109023
v 0.163808 0.018011 -0.107577
v 0.157861 0.026025 -0.098252
v 0.150027 0.001490 -0.108459
v 0.155078 0.005154 -0.104341
v 0.158238 0.010861 -0.101074
v 0.159197 0.018053 -0.098975
v 0.151489 0.026098 -0.090515
v 0.145961 0.001493 -0.103506
v 0.150087 0.005168 -0.098265
v 0.152511 0.010891 -0.094106
v 0.152994 0.018103 -0.091436
v 0.143730 0.026172 -0.084166
v 0.141007 0.001497 -0.099442
v 0.144007 0.005182 -0.093279
v 0.145534 0.010922 -0.088388
v 0.145439 0.018154 -0.085248
v 0.134884 0.026236 -0.079448
v 0.135355 0.001500 -0.096421
v 0.137071 0.005194 -0.089574
v 0.137577 0.010948 -0.084139
v 0.136823 0.018198 -0.080650
v 0.125293 0.026279 -0.076542
v 0.129223 0.001502 -0.094561
v 0.129547 0.005202 -0.087292
v 0.128946 0.010966 -0.081523
v 0.127481 0.018228 -0.077819
v -0.067631 0.150718 -0.042205
v -0.077591 0.150718 -0.041224
v -0.058053 0.150718 -0.045110
v -0.049226 0.150718 -0.049828
v -0.041489 0.150718 -0.056178
v -0.035140 0.150718 -0.063915
v -0.030421 0.150718 -0.072742
v -0.027516 0.150718 -0.082319
v -0.026535 0.150718 -0.092280
v -0.027516 0.150718 -0.102241
v -0.030421 0.150718 -0.111819
v -0.035140 0.150718 -0.120646
v -0.041489 0.150718 -0.128382
v -0.049226 0.150718 -0.134732
v -0.058053 0.150718 -0.139450
v -0.067631 0.150718 -0.142356
v -0.077591 0.150718 -0.143337
v -0.087552 0.150718 -0.142356
v -0.097130 0.150718 -0.139450
v -0.105957 0.150718 -0.134732
v -0.113694 0.150718 -0.128382
v -0.120043 0.150718 -0.120646
v -0.124761 0.150718 -0.111819
v -0.127667 0.150718 -0.102241
v -0.128648 0.150718 -0.092280
v -0.127667 0.150718 -0.082319
v -0.124761 0.150718 -0.072742
v -0.120043 0.150718 -0.063915
v -0.113694 0.150718 -0.056178
v -0.105957 0.150718 -0.049828
v -0.097130 0.150718 -0.045110
v -0.087552 0.150718 -0.042205
v 0.067631 0.150718 -0.042205
v 0.077591 0.150718 -0.041224
v 0.058053 0.150718 -0.045110
v 0.049226 0.150718 -0.049828
v 0.041489 0.150718 -0.056178
v 0.035140 0.150718 -0.063915
v 0.030421 0.150718 -0.072742
v 0.027516 0.150718 -0.082319
v 0.026535 0.150718 -0.092280
v 0.027516 0.150718 -0.102241
v 0.030421 0.150718 -0.111819
v 0.035140 0.150718 -0.120646
v 0.041489 0.150718 -0.128382
v 0.049226 0.150718 -0.134732
v 0.058053 0.150718 -0.139450
v 0.067631 0.150718 -0.142356
v 0.077591 0.150718 -0.143337
v 0.087552 0.150718 -0.142356
v 0.097130 0.150718 -0.139450
v 0.105957 0.150718 -0.134732
v 0.113694 0.150718 -0.128382
v 0.120043 0.150718 -0.120646
v 0.124761 0.150718 -0.111819
v 0.127667 0.150718 -0.102241
v 0.128648 0.150718 -0.092280
v 0.127667 0.150718 -0.082319
v 0.124761 0.150718 -0.072742
v 0.120043 0.150718 -0.063915
v 0.113694 0.150718 -0.056178
v 0.105957 0.150718 -0.049828
v 0.097130 0.150718 -0.045110
v 0.087552 0.150718 -0.042205
v -0.118460 0.000227 -0.102620
v -0.123233 0.000227 -0.102149
v -0.113870 0.000227 -0.104012
v -0.109639 0.000227 -0.106273
v -0.105932 0.000227 -0.109316
v -0.102889 0.000227 -0.113024
v -0.100627 0.000227 -0.117254
v -0.099235 0.000227 -0.121844
v -0.098765 0.000227 -0.126618
v -0.099235 0.000227 -0.131391
v -0.100627 0.000227 -0.135982
v -0.102889 0.000227 -0.140212
v -0.105932 0.000227 -0.143920
v -0.109639 0.000227 -0.146963
v -0.113870 0.000227 -0.149224
v -0.118460 0.000227 -0.150616
v -0.123233 0.000227 -0.151086
v -0.128007 0.000227 -0.150616
v -0.132597 0.000227 -0.149224
v -0.136827 0.000227 -0.146963
v -0.140535 0.000227 -0.143920
v -0.143578 0.000227 -0.140212
v -0.145839 0.000227 -0.135982
v -0.147232 0.000227 -0.131391
v -0.147702 0.000227 -0.126618
v -0.147232 0.000227 -0.121844
v -0.145839 0.000227 -0.117254
v -0.143578 0.000227 -0.113024
v -0.140535 0.000227 -0.109316
v -0.136827 0.000227 -0.106273
v -0.132597 0.000227 -0.104012
v -0.128007 0.000227 -0.102620
v 0.118460 0.000227 -0.102620
v 0.123233 0.000227 -0.102149
v 0.113870 0.000227 -0.104012
v 0.109639 0.000227 -0.106273
v 0.105932 0.000227 -0.109316
v 0.102889 0.000227 -0.113024
v 0.100627 0.000227 -0.117254
v 0.099235 0.000227 -0.121844
v 0.098765 0.000227 -0.126618
v 0.099235 0.000227 -0.131391
v 0.100627 0.000227 -0.135982
v 0.102889 0.000227 -0.140212
v 0.105932 0.000227 -0.143920
v 0.109639 0.000227 -0.146963
v 0.113870 0.000227 -0.149224
v 0.118460 0.000227 -0.150616
v 0.123233 0.000227 -0.151086
v 0.128007 0.000227 -0.150616
v 0.132597 0.000227 -0.149224
v 0.136827 0.000227 -0.146963
v 0.140535 0.000227 -0.143920
v 0.143578 0.000227 -0.140212
v 0.145839 0.000227 -0.135982
v 0.147232 0.000227 -0.131391
v 0.147702 0.000227 -0.126618
v 0.147232 0.000227 -0.121844
v 0.145839 0.000227 -0.117254
v 0.143578 0.000227 -0.113024
v 0.140535 0.000227 -0.109316
v 0.136827 0.000227 -0.106273
v 0.132597 0.000227 -0.104012
v 0.128007 0.000227 -0.102620
vn -0.9719 0.1933 -0.1341
vn -0.9933 -0.0000 -0.1159
vn -0.9742 0.1938 -0.1159
vn -0.9742 0.1938 0.1159
vn -0.9910 -0.0000 0.1341
vn -0.9719 0.1933 0.1341
vn -0.9177 -0.3801 0.1159
vn -0.8240 -0.5505 0.1341
vn -0.9155 -0.3792 0.1341
vn -0.7023 -0.7023 0.1159
vn -0.7007 -0.7007 0.1341
vn -0.5518 -0.8259 0.1159
vn -0.5505 -0.8240 0.1341
vn -0.3792 -0.9155 0.1341
vn -0.3801 -0.9177 0.1159
vn -0.1933 -0.9719 0.1341
vn -0.0000 -0.9933 0.1159
vn -0.0000 -0.9910 0.1341
vn 0.1933 -0.9719 0.1341
vn 0.1938 -0.9742 0.1159
vn 0.3792 -0.9155 0.1341
vn 0.5518 -0.8259 0.1159
vn 0.5506 -0.8240 0.1341
vn 0.7007 -0.7007 0.1341
vn 0.7023 -0.7023 0.1159
vn 0.8240 -0.5505 0.1341
vn 0.8259 -0.5518 0.1159
vn 0.9155 -0.3792 0.1341
vn 0.9177 -0.3801 0.1159
vn 0.9719 -0.1933 0.1341
vn 0.9933 -0.0000 0.1159
vn 0.9910 -0.0000 0.1341
vn 0.9742 0.1938 0.1159
vn 0.9719 0.1933 0.1341
vn 0.9155 0.3792 0.1341
vn 0.8259 0.5518 0.1159
vn 0.8240 0.5505 0.1341
vn 0.7007 0.7007 0.1341
vn 0.7023 0.7023 0.1159
vn 0.5505 0.8240 0.1341
vn 0.5518 0.8259 0.1159
vn 0.3792 0.9155 0.1341
vn 0.1938 0.9742 0.1159
vn 0.1933 0.9719 0.1341
vn -0.0000 0.9933 0.1159
vn -0.0000 0.9910 0.1341
vn -0.1938 0.9742 0.1159
vn -0.1933 0.9719 0.1341
vn -0.3792 0.9155 0.1341
vn -0.5518 0.8259 0.1159
vn -0.5505 0.8240 0.1341
vn -0.7023 0.7023 0.1159
vn -0.7007 0.7007 0.1341
vn -0.8240 0.5505 0.1341
vn -0.8259 0.5518 0.1159
vn -0.9155 0.3792 0.1341
vn -0.9177 0.3801 0.1159
vn -0.9933 -0.0000 0.1159
vn -0.9719 -0.1933 0.1341
vn -0.9155 0.3792 -0.1341
vn -0.9177 0.3801 -0.1159
vn -0.8240 0.5505 -0.1341
vn -0.8259 0.5518 -0.1159
vn -0.7007 0.7007 -0.1341
vn -0.7023 0.7023 -0.1159
vn -0.5518 0.8259 -0.1159
vn -0.3801 0.9177 -0.1159
vn -0.5506 0.8240 -0.1341
vn -0.1933 0.9719 -0.1341
vn -0.1938 0.9742 -0.1159
vn -0.0000 0.9910 -0.1341
vn -0.0000 0.9933 -0.1159
vn 0.1933 0.9719 -0.1341
vn 0.1938 0.9742 -0.1159
vn 0.3801 0.9177 -0.1159
vn 0.5506 0.8240 -0.1341
vn 0.5518 0.8259 -0.1159
vn 0.7007 0.7007 -0.1341
vn 0.7023 0.7023 -0.1159
vn 0.8259 0.5518 -0.1159
vn 0.9177 0.3801 -0.1159
vn 0.8240 0.5505 -0.1341
vn 0.9742 0.1938 -0.1159
vn 0.9155 0.3792 -0.1341
vn 0.9933 -0.0000 -0.1159
vn 0.9719 0.1933 -0.1341
vn 0.9742 -0.1938 -0.1159
vn 0.9910 -0.0000 -0.1341
vn 0.9177 -0.3801 -0.1159
vn 0.9719 -0.1933 -0.1341
vn 0.8259 -0.5518 -0.1159
vn 0.9155 -0.3792 -0.1341
vn 0.7007 -0.7007 -0.1341
vn 0.7023 -0.7023 -0.1159
vn 0.5518 -0.8259 -0.1159
vn 0.3792 -0.9155 -0.1341
vn 0.3801 -0.9177 -0.1159
vn 0.1938 -0.9742 -0.1159
vn -0.0000 -0.9933 -0.1159
vn 0.1933 -0.9719 -0.1341
vn -0.1933 -0.9719 -0.1341
vn -0.1938 -0.9742 -0.1159
vn -0.3801 -0.9177 -0.1159
vn -0.5518 -0.8259 -0.1159
vn -0.3792 -0.9155 -0.1341
vn -0.7023 -0.7023 -0.1159
vn -0.5505 -0.8240 -0.1341
vn -0.8259 -0.5518 -0.1159
vn -0.7007 -0.7007 -0.1341
vn -0.9177 -0.3801 -0.1159
vn -0.8240 -0.5505 -0.1341
vn -0.9719 -0.1933 -0.1341
vn -0.9742 -0.1938 -0.1159
vn -0.9975 -0.0000 -0.0708
vn -0.9783 0.1946 -0.0708
vn -0.9805 0.1950 -0.0219
vn -0.9998 -0.0000 0.0219
vn -0.9805 0.1950 0.0219
vn -0.9783 0.1946 0.0708
vn -0.9975 -0.0000 0.0708
vn -0.9216 0.3817 -0.0708
vn -0.9237 0.3826 -0.0219
vn -0.9237 0.3826 0.0219
vn -0.9216 0.3817 0.0708
vn -0.8294 0.5542 -0.0708
vn -0.8313 0.5554 -0.0219
vn -0.8313 0.5554 0.0219
vn -0.8294 0.5542 0.0708
vn -0.7053 0.7053 -0.0708
vn -0.7069 0.7069 -0.0219
vn -0.7069 0.7069 0.0219
vn -0.7053 0.7053 0.0708
vn -0.5542 0.8294 -0.0708
vn -0.5554 0.8313 -0.0219
vn -0.5554 0.8313 0.0219
vn -0.5542 0.8294 0.0708
vn -0.3817 0.9216 -0.0708
vn -0.3826 0.9237 -0.0219
vn -0.3826 0.9237 0.0219
vn -0.3817 0.9216 0.0708
vn -0.3801 0.9177 0.1159
vn -0.1946 0.9783 -0.0708
vn -0.1950 0.9805 -0.0219
vn -0.1950 0.9805 0.0219
vn -0.1946 0.9783 0.0708
vn -0.0000 0.9975 -0.0708
vn -0.0000 0.9998 -0.0219
vn -0.0000 0.9998 0.0219
vn -0.0000 0.9975 0.0708
vn 0.1946 0.9783 -0.0708
vn 0.1950 0.9805 -0.0219
vn 0.1950 0.9805 0.0219
vn 0.1946 0.9783 0.0708
vn 0.3817 0.9216 -0.0708
vn 0.3826 0.9237 -0.0219
vn 0.3826 0.9237 0.0219
vn 0.3817 0.9216 0.0708
vn 0.3801 0.9177 0.1159
vn 0.5542 0.8294 -0.0708
vn 0.5554 0.8313 -0.0219
vn 0.5554 0.8313 0.0219
vn 0.5542 0.8294 0.0708
vn 0.7053 0.7053 -0.0708
vn 0.7069 0.7069 -0.0219
vn 0.7069 0.7069 0.0219
vn 0.7053 0.7053 0.0708
vn 0.8294 0.5542 -0.0708
vn 0.8313 0.5554 -0.0219
vn 0.8313 0.5554 0.0219
vn 0.8294 0.5542 0.0708
vn 0.9216 0.3817 -0.0708
vn 0.9237 0.3826 -0.0219
vn 0.9237 0.3826 0.0219
vn 0.9216 0.3817 0.0708
vn 0.9177 0.3801 0.1159
vn 0.9783 0.1946 -0.0708
vn 0.9805 0.1950 -0.0219
vn 0.9805 0.1950 0.0219
vn 0.9783 0.1946 0.0708
vn 0.9975 -0.0000 -0.0708
vn 0.9998 -0.0000 -0.0219
vn 0.9998 -0.0000 0.0219
vn 0.9975 -0.0000 0.0708
vn 0.9783 -0.1946 -0.0708
vn 0.9805 -0.1950 -0.0219
vn 0.9805 -0.1950 0.0219
vn 0.9783 -0.1946 0.0708
vn 0.9742 -0.1938 0.1159
vn 0.9216 -0.3817 -0.0708
vn 0.9237 -0.3826 -0.0219
vn 0.9237 -0.3826 0.0219
vn 0.9216 -0.3817 0.0708
vn 0.8294 -0.5542 -0.0708
vn 0.8313 -0.5554 -0.0219
vn 0.8313 -0.5554 0.0219
vn 0.8294 -0.5542 0.0708
vn 0.7053 -0.7053 -0.0708
vn 0.7069 -0.7069 -0.0219
vn 0.7069 -0.7069 0.0219
vn 0.7053 -0.7053 0.0708
vn 0.5542 -0.8294 -0.0708
vn 0.5554 -0.8313 -0.0219
vn 0.5554 -0.8313 0.0219
vn 0.5542 -0.8294 0.0708
vn 0.3817 -0.9216 -0.0708
vn 0.3826 -0.9237 -0.0219
vn 0.3826 -0.9237 0.0219
vn 0.3817 -0.9216 0.0708
vn 0.3801 -0.9177 0.1159
vn 0.1946 -0.9783 -0.0708
vn 0.1950 -0.9805 -0.0219
vn 0.1950 -0.9805 0.0219
vn 0.1946 -0.9783 0.0708
vn -0.0000 -0.9975 -0.0708
vn -0.0000 -0.9998 -0.0219
vn -0.0000 -0.9998 0.0219
vn -0.0000 -0.9975 0.0708
vn -0.1946 -0.9783 -0.0708
vn -0.1950 -0.9805 -0.0219
vn -0.1950 -0.9805 0.0219
vn -0.1946 -0.9783 0.0708
vn -0.1938 -0.9742 0.1159
vn -0.3817 -0.9216 -0.0708
vn -0.3826 -0.9237 -0.0219
vn -0.3826 -0.9237 0.0219
vn -0.3817 -0.9216 0.0708
vn -0.5542 -0.8294 -0.0708
vn -0.5554 -0.8313 -0.0219
vn -0.5554 -0.8313 0.0219
vn -0.5542 -0.8294 0.0708
vn -0.7053 -0.7053 -0.0708
vn -0.7069 -0.7069 -0.0219
vn -0.7069 -0.7069 0.0219
vn -0.7053 -0.7053 0.0708
vn -0.8294 -0.5542 -0.0708
vn -0.8313 -0.5554 -0.0219
vn -0.8313 -0.5554 0.0219
vn -0.8294 -0.5542 0.0708
vn -0.8259 -0.5518 0.1159
vn -0.9216 -0.3817 -0.0708
vn -0.9237 -0.3826 -0.0219
vn -0.9237 -0.3826 0.0219
vn -0.9216 -0.3817 0.0708
vn -0.9783 -0.1946 -0.0708
vn -0.9805 -0.1950 -0.0219
vn -0.9805 -0.1950 0.0219
vn -0.9783 -0.1946 0.0708
vn -0.9742 -0.1938 0.1159
vn -0.9998 -0.0000 -0.0219
vn -0.9910 -0.0000 -0.1341
vn -0.3792 0.9155 -0.1341
vn 0.3792 0.9155 -0.1341
vn 0.8240 -0.5505 -0.1341
vn 0.5506 -0.8240 -0.1341
vn -0.0000 -0.9910 -0.1341
vn -0.9155 -0.3792 -0.1341
vn 0.5505 -0.8240 0.1341
vn -0.5506 -0.8240 0.1341
vn 0.5505 -0.8240 -0.1341
vn -0.5506 -0.8240 -0.1341
vn -0.0000 -1.0000 -0.0000
vn -0.0000 1.0000 -0.0000
vn -0.1951 -0.0000 -0.9808
vn -0.3827 -0.0000 -0.9239
vn -0.5556 -0.0000 -0.8315
vn -0.7071 -0.0000 -0.7071
vn -0.8315 -0.0000 -0.5556
vn -0.9239 -0.0000 -0.3827
vn -0.9808 -0.0000 -0.1951
vn -1.0000 -0.0000 -0.0000
vn -0.9808 -0.0000 0.1951
vn -0.9239 -0.0000 0.3827
vn -0.8315 -0.0000 0.5556
vn -0.7071 -0.0000 0.7071
vn -0.5556 -0.0000 0.8315
vn -0.3827 -0.0000 0.9239
vn -0.1951 -0.0000 0.9808
vn -0.0000 -0.0000 1.0000
vn 0.1951 -0.0000 0.9808
vn 0.3827 -0.0000 0.9239
vn 0.5556 -0.0000 0.8315
vn 0.7071 -0.0000 0.7071
vn 0.8315 -0.0000 0.5556
vn 0.9239 -0.0000 0.3827
vn 0.9808 -0.0000 0.1951
vn 1.0000 -0.0000 -0.0000
vn 0.9808 -0.0000 -0.1951
vn 0.9239 -0.0000 -0.3827
vn 0.8315 -0.0000 -0.5556
vn 0.7071 -0.0000 -0.7071
vn 0.5556 -0.0000 -0.8315
vn 0.3827 -0.0000 -0.9239
vn 0.1951 -0.0000 -0.9808
vn -0.0000 -0.0000 -1.0000
vn 0.0750 0.1945 -0.9780
vn 0.0233 -0.0000 -0.9997
vn 0.0233 0.1950 -0.9805
vn -0.0233 -0.0000 -0.9997
vn -0.0233 0.1950 -0.9805
vn -0.0750 0.1945 -0.9780
vn 0.1037 -0.1940 -0.9755
vn 0.0750 -0.0000 -0.9972
vn 0.1037 -0.0000 -0.9946
vn 0.1037 0.1940 -0.9755
vn 0.0233 0.3826 -0.9236
vn 0.0750 0.3816 -0.9213
vn -0.0233 0.3826 -0.9236
vn -0.0750 0.3816 -0.9213
vn -0.0750 -0.0000 -0.9972
vn -0.1037 0.1940 -0.9755
vn 0.1037 0.3806 -0.9189
vn 0.0750 0.5540 -0.8291
vn 0.0233 0.5554 -0.8312
vn -0.0233 0.5554 -0.8312
vn -0.0750 0.5540 -0.8291
vn -0.1037 0.3806 -0.9189
vn 0.1037 0.5526 -0.8270
vn 0.0750 0.7051 -0.7051
vn 0.0233 0.7069 -0.7069
vn -0.0233 0.7069 -0.7069
vn -0.0750 0.7051 -0.7051
vn -0.1037 0.5526 -0.8270
vn 0.1037 0.7033 -0.7033
vn 0.0233 0.8312 -0.5554
vn 0.0750 0.8291 -0.5540
vn -0.0233 0.8312 -0.5554
vn -0.0750 0.8291 -0.5540
vn -0.1037 0.7033 -0.7033
vn 0.1037 0.8270 -0.5526
vn 0.0233 0.9236 -0.3826
vn 0.0750 0.9213 -0.3816
vn -0.0233 0.9236 -0.3826
vn -0.0750 0.9213 -0.3816
vn -0.1037 0.8270 -0.5526
vn 0.1037 0.9189 -0.3806
vn 0.0233 0.9805 -0.1950
vn 0.0750 0.9780 -0.1945
vn -0.0233 0.9805 -0.1950
vn -0.0750 0.9780 -0.1945
vn -0.1037 0.9189 -0.3806
vn 0.1037 0.9755 -0.1940
vn 0.0233 0.9997 -0.0000
vn 0.0750 0.9972 -0.0000
vn -0.0233 0.9997 -0.0000
vn -0.0750 0.9972 -0.0000
vn -0.1037 0.9755 -0.1940
vn 0.1037 0.9946 -0.0000
vn 0.0233 0.9805 0.1950
vn 0.0750 0.9780 0.1945
vn -0.0233 0.9805 0.1950
vn -0.0750 0.9780 0.1945
vn -0.1037 0.9946 -0.0000
vn 0.1037 0.9755 0.1940
vn 0.0233 0.9236 0.3826
vn 0.0750 0.9213 0.3816
vn -0.0233 0.9236 0.3826
vn -0.0750 0.9213 0.3816
vn -0.1037 0.9755 0.1940
vn 0.1037 0.9189 0.3806
vn 0.0233 0.8312 0.5554
vn 0.0750 0.8291 0.5540
vn -0.0233 0.8312 0.5554
vn -0.0750 0.8291 0.5540
vn -0.1037 0.9189 0.3806
vn 0.1037 0.8270 0.5526
vn 0.0750 0.7051 0.7051
vn 0.0233 0.7069 0.7069
vn -0.0233 0.7069 0.7069
vn -0.0750 0.7051 0.7051
vn -0.1037 0.8270 0.5526
vn 0.1037 0.7033 0.7033
vn 0.0233 0.5554 0.8312
vn 0.0750 0.5540 0.8291
vn -0.0233 0.5554 0.8312
vn -0.0750 0.5540 0.8291
vn -0.1037 0.7033 0.7033
vn 0.1037 0.5526 0.8270
vn 0.0233 0.3826 0.9236
vn 0.0750 0.3816 0.9213
vn -0.0233 0.3826 0.9236
vn -0.0750 0.3816 0.9213
vn -0.1037 0.5526 0.8270
vn 0.1037 0.3806 0.9189
vn 0.0750 0.1945 0.9780
vn 0.0233 0.1950 0.9805
vn -0.0233 0.1950 0.9805
vn -0.0750 0.1945 0.9780
vn -0.1037 0.3806 0.9189
vn 0.1037 0.1940 0.9755
vn 0.0233 -0.0000 0.9997
vn 0.0750 -0.0000 0.9972
vn -0.0233 -0.0000 0.9997
vn -0.0750 -0.0000 0.9972
vn -0.1037 0.1940 0.9755
vn 0.1037 -0.0000 0.9946
vn 0.0750 -0.1945 0.9780
vn 0.0233 -0.1950 0.9805
vn -0.0233 -0.1950 0.9805
vn -0.0750 -0.1945 0.9780
vn -0.1037 -0.0000 0.9946
vn 0.1037 -0.1940 0.9755
vn 0.0233 -0.3826 0.9236
vn 0.0750 -0.3816 0.9213
vn -0.0233 -0.3826 0.9236
vn -0.0750 -0.3816 0.9213
vn -0.1037 -0.1940 0.9755
vn 0.1037 -0.3806 0.9189
vn 0.0233 -0.5554 0.8312
vn 0.0750 -0.5540 0.8291
vn -0.0233 -0.5554 0.8312
vn -0.0750 -0.5540 0.8291
vn -0.1037 -0.3806 0.9189
vn 0.1037 -0.5526 0.8270
vn 0.0233 -0.7069 0.7069
vn 0.0750 -0.7051 0.7051
vn -0.0233 -0.7069 0.7069
vn -0.0750 -0.7051 0.7051
vn -0.1037 -0.5526 0.8270
vn 0.1037 -0.7033 0.7033
vn 0.0233 -0.8312 0.5554
vn 0.0750 -0.8291 0.5540
vn -0.0233 -0.8312 0.5554
vn -0.0750 -0.8291 0.5540
vn -0.1037 -0.7033 0.7033
vn 0.1037 -0.8270 0.5526
vn 0.0750 -0.9213 0.3816
vn 0.0233 -0.9236 0.3826
vn -0.0233 -0.9236 0.3826
vn -0.0750 -0.9213 0.3816
vn -0.1037 -0.8270 0.5526
vn 0.1037 -0.9189 0.3806
vn 0.0233 -0.9805 0.1950
vn 0.0750 -0.9780 0.1945
vn -0.0233 -0.9805 0.1950
vn -0.0750 -0.9780 0.1945
vn -0.1037 -0.9189 0.3806
vn 0.1037 -0.9755 0.1940
vn 0.0233 -0.9997 -0.0000
vn 0.0750 -0.9972 -0.0000
vn -0.0233 -0.9997 -0.0000
vn -0.0750 -0.9972 -0.0000
vn -0.1037 -0.9755 0.1940
vn 0.1037 -0.9946 -0.0000
vn 0.0750 -0.9780 -0.1945
vn 0.0233 -0.9805 -0.1950
vn -0.0233 -0.9805 -0.1950
vn -0.0750 -0.9780 -0.1945
vn -0.1037 -0.9946 -0.0000
vn 0.1037 -0.9755 -0.1940
vn 0.0233 -0.9236 -0.3826
vn 0.0750 -0.9213 -0.3816
vn -0.0233 -0.9236 -0.3826
vn -0.0750 -0.9213 -0.3816
vn -0.1037 -0.9755 -0.1940
vn 0.1037 -0.9189 -0.3806
vn 0.0233 -0.8312 -0.5554
vn 0.0750 -0.8291 -0.5540
vn -0.0233 -0.8312 -0.5554
vn -0.0750 -0.8291 -0.5540
vn -0.1037 -0.9189 -0.3806
vn 0.1037 -0.8270 -0.5526
vn 0.0750 -0.7051 -0.7051
vn 0.0233 -0.7069 -0.7069
vn -0.0233 -0.7069 -0.7069
vn -0.0750 -0.7051 -0.7051
vn -0.1037 -0.8270 -0.5526
vn 0.1037 -0.7033 -0.7033
vn 0.0233 -0.5554 -0.8312
vn 0.0750 -0.5540 -0.8291
vn -0.0233 -0.5554 -0.8312
vn -0.0750 -0.5540 -0.8291
vn -0.1037 -0.7033 -0.7033
vn 0.1037 -0.5526 -0.8270
vn 0.0233 -0.3826 -0.9236
vn 0.0750 -0.3816 -0.9213
vn -0.0233 -0.3826 -0.9236
vn -0.0750 -0.3816 -0.9213
vn -0.1037 -0.5526 -0.8270
vn 0.1037 -0.3806 -0.9189
vn 0.0233 -0.1950 -0.9805
vn 0.0750 -0.1945 -0.9780
vn -0.0233 -0.1950 -0.9805
vn -0.0750 -0.1945 -0.9780
vn -0.1037 -0.3806 -0.9189
vn -0.1037 -0.1940 -0.9755
vn -0.1037 -0.0000 -0.9946
vn -0.0002 -0.2138 -0.9769
vn 0.1789 -0.3584 -0.9162
vn -0.0024 -0.3105 -0.9506
vn 0.1490 -0.6189 -0.7712
vn -0.0037 -0.5894 -0.8078
vn 0.1077 -0.8210 -0.5607
vn -0.0035 -0.8092 -0.5876
vn 0.0577 -0.9520 -0.3007
vn -0.0020 -0.9499 -0.3127
vn 0.0155 -0.9967 -0.0795
vn -0.0002 -0.9967 -0.0817
vn 0.1887 -0.2663 -0.9452
vn 0.3468 -0.4025 -0.8471
vn 0.2880 -0.6455 -0.7074
vn 0.2089 -0.8317 -0.5144
vn 0.1125 -0.9540 -0.2778
vn 0.0304 -0.9968 -0.0742
vn 0.3653 -0.3099 -0.8778
vn 0.4953 -0.4413 -0.7483
vn 0.4093 -0.6685 -0.6209
vn 0.2974 -0.8411 -0.4518
vn 0.1617 -0.9558 -0.2456
vn 0.0435 -0.9969 -0.0662
vn 0.5242 -0.3437 -0.7792
vn 0.6202 -0.4737 -0.6253
vn 0.5105 -0.6876 -0.5164
vn 0.3713 -0.8489 -0.3761
vn 0.2030 -0.9574 -0.2055
vn 0.0554 -0.9969 -0.0558
vn 0.6606 -0.3671 -0.6548
vn 0.7188 -0.4992 -0.4839
vn 0.5899 -0.7024 -0.3983
vn 0.4296 -0.8551 -0.2904
vn 0.2359 -0.9586 -0.1594
vn 0.0647 -0.9970 -0.0435
vn 0.7721 -0.3799 -0.5095
vn 0.7897 -0.5174 -0.3295
vn 0.6468 -0.7130 -0.2706
vn 0.4715 -0.8595 -0.1974
vn 0.2597 -0.9595 -0.1087
vn 0.0715 -0.9970 -0.0298
vn 0.8561 -0.3821 -0.3479
vn 0.8325 -0.5284 -0.1668
vn 0.6810 -0.7194 -0.1368
vn 0.4967 -0.8622 -0.0999
vn 0.2741 -0.9601 -0.0551
vn 0.0757 -0.9970 -0.0151
vn 0.9112 -0.3735 -0.1738
vn 0.8467 -0.5320 -0.0000
vn 0.6925 -0.7215 -0.0000
vn 0.5051 -0.8631 -0.0000
vn 0.2789 -0.9603 -0.0000
vn 0.0771 -0.9970 -0.0000
vn 0.9259 -0.3248 0.1928
vn 0.9351 -0.3543 0.0081
vn 0.8325 -0.5284 0.1668
vn 0.6810 -0.7194 0.1368
vn 0.4967 -0.8622 0.0999
vn 0.2741 -0.9601 0.0551
vn 0.8821 -0.2857 0.3745
vn 0.7897 -0.5174 0.3295
vn 0.6468 -0.7130 0.2706
vn 0.4715 -0.8595 0.1974
vn 0.2597 -0.9595 0.1087
vn 0.0757 -0.9970 0.0151
vn 0.8033 -0.2380 0.5460
vn 0.7188 -0.4992 0.4839
vn 0.5899 -0.7024 0.3983
vn 0.4296 -0.8551 0.2904
vn 0.2359 -0.9586 0.1594
vn 0.0715 -0.9970 0.0298
vn 0.6901 -0.1833 0.7002
vn 0.6202 -0.4737 0.6253
vn 0.5105 -0.6876 0.5164
vn 0.3713 -0.8489 0.3761
vn 0.2027 -0.9574 0.2056
vn 0.0647 -0.9970 0.0435
vn 0.5470 -0.1246 0.8278
vn 0.4953 -0.4413 0.7483
vn 0.4093 -0.6685 0.6209
vn 0.2974 -0.8411 0.4518
vn 0.1617 -0.9558 0.2456
vn 0.0551 -0.9969 0.0559
vn 0.3786 -0.0635 0.9234
vn 0.3468 -0.4025 0.8471
vn 0.2880 -0.6455 0.7074
vn 0.2089 -0.8317 0.5144
vn 0.1128 -0.9540 0.2778
vn 0.0439 -0.9968 0.0662
vn 0.1937 -0.0034 0.9810
vn 0.1789 -0.3584 0.9162
vn 0.1490 -0.6189 0.7712
vn 0.1077 -0.8210 0.5607
vn 0.0577 -0.9520 0.3007
vn 0.0304 -0.9968 0.0742
vn 0.0005 0.0538 0.9986
vn -0.0024 -0.3105 0.9506
vn -0.0037 -0.5894 0.8078
vn -0.0035 -0.8092 0.5876
vn -0.0020 -0.9498 0.3127
vn 0.0155 -0.9967 0.0795
vn -0.1918 0.1057 0.9757
vn -0.1898 -0.2606 0.9466
vn -0.1648 -0.5580 0.8133
vn -0.1208 -0.7967 0.5922
vn -0.0640 -0.9477 0.3127
vn -0.0002 -0.9967 0.0817
vn -0.3748 0.1507 0.9148
vn -0.3745 -0.2110 0.9029
vn -0.3274 -0.5260 0.7849
vn -0.2398 -0.7841 0.5725
vn -0.1259 -0.9456 0.3000
vn -0.0163 -0.9966 0.0808
vn -0.5414 0.1874 0.8196
vn -0.5478 -0.1642 0.8203
vn -0.4838 -0.4950 0.7218
vn -0.3548 -0.7718 0.5276
vn -0.1849 -0.9437 0.2745
vn -0.0319 -0.9966 0.0766
vn -0.6862 0.2146 0.6950
vn -0.7012 -0.1225 0.7024
vn -0.6258 -0.4666 0.6250
vn -0.4601 -0.7606 0.4581
vn -0.2381 -0.9419 0.2368
vn -0.0465 -0.9965 0.0693
vn -0.8048 0.2316 0.5465
vn -0.8277 -0.0879 0.5543
vn -0.7457 -0.4425 0.4981
vn -0.5495 -0.7511 0.3660
vn -0.2829 -0.9405 0.1882
vn -0.0593 -0.9965 0.0592
vn -0.8945 0.2377 0.3785
vn -0.9218 -0.0620 0.3828
vn -0.8367 -0.4241 0.3466
vn -0.6178 -0.7438 0.2552
vn -0.3168 -0.9394 0.1307
vn -0.0699 -0.9965 0.0466
vn -0.9524 0.2325 0.1971
vn -0.9796 -0.0461 0.1954
vn -0.8934 -0.4126 0.1777
vn -0.6606 -0.7392 0.1310
vn -0.3381 -0.9387 0.0673
vn -0.0778 -0.9964 0.0322
vn -0.9765 0.2156 0.0074
vn -0.9992 -0.0407 -0.0000
vn -0.9127 -0.4087 -0.0000
vn -0.6752 -0.7377 -0.0000
vn -0.3452 -0.9385 -0.0000
vn -0.0827 -0.9964 0.0164
vn -0.9796 -0.0461 -0.1954
vn -0.8934 -0.4126 -0.1777
vn -0.6606 -0.7392 -0.1310
vn -0.3380 -0.9388 -0.0670
vn -0.0827 -0.9964 -0.0164
vn -0.0844 -0.9964 -0.0000
vn -0.9648 0.1870 -0.1848
vn -0.9218 -0.0620 -0.3828
vn -0.8367 -0.4241 -0.3466
vn -0.6178 -0.7438 -0.2552
vn -0.3169 -0.9393 -0.1312
vn -0.0778 -0.9964 -0.0322
vn -0.9163 0.1472 -0.3724
vn -0.8277 -0.0879 -0.5543
vn -0.7457 -0.4425 -0.4981
vn -0.5495 -0.7511 -0.3660
vn -0.2829 -0.9405 -0.1882
vn -0.0699 -0.9964 -0.0470
vn -0.8305 0.0971 -0.5485
vn -0.7012 -0.1225 -0.7024
vn -0.6258 -0.4666 -0.6250
vn -0.4601 -0.7606 -0.4581
vn -0.2381 -0.9419 -0.2368
vn -0.0593 -0.9965 -0.0592
vn -0.7099 0.0390 -0.7032
vn -0.5478 -0.1642 -0.8203
vn -0.4838 -0.4950 -0.7218
vn -0.3548 -0.7718 -0.5276
vn -0.1849 -0.9437 -0.2745
vn -0.0465 -0.9965 -0.0693
vn -0.5584 -0.0246 -0.8292
vn -0.3745 -0.2110 -0.9029
vn -0.3274 -0.5260 -0.7849
vn -0.2398 -0.7841 -0.5725
vn -0.1259 -0.9456 -0.3000
vn -0.0319 -0.9966 -0.0766
vn -0.3833 -0.0902 -0.9192
vn -0.1898 -0.2606 -0.9466
vn -0.1648 -0.5580 -0.8133
vn -0.1208 -0.7967 -0.5922
vn -0.0640 -0.9477 -0.3127
vn -0.0163 -0.9966 -0.0808
vn -0.1938 -0.1544 -0.9688
vn 0.0002 -0.2139 -0.9769
vn -0.1789 -0.3584 -0.9162
vn -0.1887 -0.2663 -0.9452
vn 0.0024 -0.3105 -0.9506
vn -0.1490 -0.6189 -0.7712
vn 0.0037 -0.5894 -0.8078
vn -0.1077 -0.8210 -0.5607
vn 0.0035 -0.8092 -0.5876
vn -0.0577 -0.9520 -0.3007
vn 0.0020 -0.9499 -0.3127
vn -0.0155 -0.9967 -0.0795
vn -0.3468 -0.4025 -0.8471
vn -0.3653 -0.3099 -0.8778
vn -0.2880 -0.6455 -0.7074
vn -0.2089 -0.8317 -0.5144
vn -0.1128 -0.9540 -0.2778
vn -0.0304 -0.9968 -0.0742
vn -0.4953 -0.4413 -0.7483
vn -0.5239 -0.3437 -0.7794
vn -0.4093 -0.6685 -0.6209
vn -0.2974 -0.8411 -0.4518
vn -0.1613 -0.9558 -0.2456
vn -0.0435 -0.9969 -0.0662
vn -0.6202 -0.4737 -0.6253
vn -0.6604 -0.3671 -0.6551
vn -0.5105 -0.6876 -0.5164
vn -0.3713 -0.8489 -0.3761
vn -0.2030 -0.9574 -0.2055
vn -0.0551 -0.9969 -0.0559
vn -0.7188 -0.4992 -0.4839
vn -0.7719 -0.3799 -0.5098
vn -0.5899 -0.7024 -0.3983
vn -0.4296 -0.8551 -0.2904
vn -0.2359 -0.9586 -0.1594
vn -0.0647 -0.9970 -0.0435
vn -0.7897 -0.5174 -0.3295
vn -0.8564 -0.3819 -0.3475
vn -0.6468 -0.7130 -0.2706
vn -0.4715 -0.8595 -0.1974
vn -0.2597 -0.9595 -0.1087
vn -0.0715 -0.9970 -0.0298
vn -0.8325 -0.5284 -0.1668
vn -0.9112 -0.3735 -0.1738
vn -0.6810 -0.7194 -0.1368
vn -0.4967 -0.8622 -0.0999
vn -0.2741 -0.9601 -0.0551
vn -0.0757 -0.9970 -0.0151
vn -0.8467 -0.5320 -0.0000
vn -0.9351 -0.3543 0.0081
vn -0.6925 -0.7215 -0.0000
vn -0.5051 -0.8631 -0.0000
vn -0.2789 -0.9603 -0.0000
vn -0.0771 -0.9970 -0.0000
vn -0.9259 -0.3248 0.1928
vn -0.8325 -0.5284 0.1668
vn -0.6810 -0.7194 0.1368
vn -0.4967 -0.8622 0.0999
vn -0.2741 -0.9601 0.0551
vn -0.8821 -0.2857 0.3745
vn -0.7897 -0.5174 0.3295
vn -0.6468 -0.7130 0.2706
vn -0.4715 -0.8595 0.1974
vn -0.0757 -0.9970 0.0151
vn -0.2597 -0.9595 0.1087
vn -0.8033 -0.2380 0.5460
vn -0.7188 -0.4992 0.4839
vn -0.5899 -0.7024 0.3983
vn -0.4296 -0.8551 0.2904
vn -0.0715 -0.9970 0.0298
vn -0.2359 -0.9586 0.1594
vn -0.6904 -0.1835 0.6998
vn -0.6202 -0.4737 0.6253
vn -0.5105 -0.6876 0.5164
vn -0.3713 -0.8489 0.3761
vn -0.0647 -0.9970 0.0435
vn -0.2030 -0.9574 0.2055
vn -0.5467 -0.1244 0.8280
vn -0.4953 -0.4413 0.7483
vn -0.4093 -0.6685 0.6209
vn -0.2974 -0.8411 0.4518
vn -0.0551 -0.9969 0.0559
vn -0.1617 -0.9558 0.2456
vn -0.3789 -0.0636 0.9233
vn -0.3468 -0.4025 0.8471
vn -0.2880 -0.6455 0.7074
vn -0.2089 -0.8317 0.5144
vn -0.0435 -0.9969 0.0662
vn -0.1128 -0.9540 0.2778
vn -0.1937 -0.0034 0.9810
vn -0.1789 -0.3584 0.9162
vn -0.1490 -0.6189 0.7712
vn -0.1077 -0.8210 0.5607
vn -0.0304 -0.9968 0.0742
vn -0.0577 -0.9520 0.3007
vn -0.0005 0.0538 0.9986
vn 0.0024 -0.3105 0.9506
vn 0.0037 -0.5894 0.8078
vn 0.0035 -0.8092 0.5876
vn -0.0155 -0.9967 0.0795
vn 0.0020 -0.9499 0.3127
vn 0.1918 0.1057 0.9757
vn 0.1898 -0.2606 0.9466
vn 0.1648 -0.5580 0.8133
vn 0.1208 -0.7967 0.5922
vn 0.0002 -0.9967 0.0817
vn 0.0640 -0.9477 0.3127
vn 0.3748 0.1507 0.9148
vn 0.3745 -0.2110 0.9029
vn 0.3274 -0.5260 0.7849
vn 0.2398 -0.7841 0.5725
vn 0.0163 -0.9966 0.0808
vn 0.1259 -0.9456 0.3000
vn 0.5414 0.1874 0.8196
vn 0.5478 -0.1642 0.8203
vn 0.4838 -0.4950 0.7218
vn 0.3548 -0.7718 0.5276
vn 0.0319 -0.9966 0.0766
vn 0.1849 -0.9437 0.2745
vn 0.6859 0.2146 0.6953
vn 0.7012 -0.1225 0.7024
vn 0.6258 -0.4666 0.6250
vn 0.4601 -0.7606 0.4581
vn 0.0463 -0.9965 0.0696
vn 0.2381 -0.9419 0.2371
vn 0.8050 0.2316 0.5462
vn 0.8277 -0.0879 0.5543
vn 0.7457 -0.4425 0.4981
vn 0.5495 -0.7511 0.3660
vn 0.0593 -0.9965 0.0592
vn 0.2829 -0.9404 0.1885
vn 0.8945 0.2377 0.3785
vn 0.9218 -0.0620 0.3828
vn 0.8367 -0.4241 0.3466
vn 0.6178 -0.7438 0.2552
vn 0.0699 -0.9965 0.0466
vn 0.3168 -0.9394 0.1307
vn 0.9524 0.2325 0.1971
vn 0.9796 -0.0461 0.1954
vn 0.8934 -0.4126 0.1777
vn 0.6606 -0.7392 0.1310
vn 0.0779 -0.9964 0.0325
vn 0.3380 -0.9388 0.0670
vn 0.9765 0.2156 0.0074
vn 0.9992 -0.0407 -0.0000
vn 0.9127 -0.4087 -0.0000
vn 0.6752 -0.7377 -0.0000
vn 0.0827 -0.9964 0.0164
vn 0.3452 -0.9385 -0.0000
vn 0.9796 -0.0461 -0.1954
vn 0.9648 0.1870 -0.1848
vn 0.8934 -0.4126 -0.1777
vn 0.6606 -0.7392 -0.1310
vn 0.3380 -0.9388 -0.0670
vn 0.0827 -0.9964 -0.0164
vn 0.9218 -0.0620 -0.3828
vn 0.9162 0.1471 -0.3728
vn 0.8367 -0.4241 -0.3466
vn 0.6178 -0.7438 -0.2552
vn 0.3169 -0.9393 -0.1312
vn 0.0778 -0.9964 -0.0322
vn 0.8277 -0.0879 -0.5543
vn 0.8305 0.0971 -0.5485
vn 0.7457 -0.4425 -0.4981
vn 0.5495 -0.7511 -0.3660
vn 0.2829 -0.9405 -0.1882
vn 0.0699 -0.9964 -0.0471
vn 0.7012 -0.1225 -0.7024
vn 0.7095 0.0389 -0.7036
vn 0.6258 -0.4666 -0.6250
vn 0.4601 -0.7606 -0.4581
vn 0.2381 -0.9419 -0.2368
vn 0.0593 -0.9965 -0.0592
vn 0.5478 -0.1642 -0.8203
vn 0.5584 -0.0246 -0.8292
vn 0.4838 -0.4950 -0.7218
vn 0.3548 -0.7718 -0.5276
vn 0.1847 -0.9436 -0.2749
vn 0.0465 -0.9965 -0.0693
vn 0.3745 -0.2110 -0.9029
vn 0.3830 -0.0903 -0.9193
vn 0.3274 -0.5260 -0.7849
vn 0.2398 -0.7841 -0.5725
vn 0.1259 -0.9456 -0.3000
vn 0.0319 -0.9966 -0.0766
vn 0.1898 -0.2606 -0.9466
vn 0.1938 -0.1544 -0.9688
vn 0.1648 -0.5580 -0.8133
vn 0.1208 -0.7967 -0.5922
vn 0.0640 -0.9477 -0.3127
vn 0.0163 -0.9966 -0.0808
vn 0.0002 -0.9967 -0.0817
vn -0.1711 -0.2135 -0.9618
vn 0.3664 -0.3490 -0.8625
vn 0.5199 -0.3699 -0.7700
vn 0.7685 -0.3757 -0.5180
vn 0.8589 -0.3606 -0.3636
vn 0.9224 -0.3334 -0.1949
vn 0.9557 -0.2940 -0.0150
vn 0.9549 -0.2425 0.1713
vn 0.9167 -0.1798 0.3568
vn 0.8396 -0.1080 0.5324
vn 0.7242 -0.0298 0.6890
vn 0.5754 0.0505 0.8163
vn 0.4011 0.1285 0.9070
vn 0.2117 0.1998 0.9567
vn 0.0176 0.2610 0.9652
vn -0.1718 0.3101 0.9350
vn -0.3506 0.3463 0.8701
vn -0.5123 0.3692 0.7754
vn -0.6540 0.3788 0.6548
vn -0.7728 0.3753 0.5117
vn -0.8654 0.3588 0.3497
vn -0.9284 0.3290 0.1725
vn -0.9580 0.2862 -0.0158
vn -0.9504 0.2308 -0.2086
vn -0.9026 0.1642 -0.3979
vn -0.8144 0.0891 -0.5734
vn -0.6893 0.0094 -0.7244
vn -0.5336 -0.0705 -0.8428
vn -0.3575 -0.1460 -0.9224
vn 0.1976 -0.3160 -0.9280
vn 0.0167 -0.2707 -0.9625
vn 0.1708 -0.2136 -0.9619
vn -0.3665 -0.3491 -0.8625
vn -0.5200 -0.3700 -0.7699
vn -0.7688 -0.3757 -0.5175
vn -0.8589 -0.3606 -0.3636
vn -0.9224 -0.3334 -0.1949
vn -0.9557 -0.2940 -0.0150
vn -0.9549 -0.2425 0.1713
vn -0.9167 -0.1798 0.3568
vn -0.8396 -0.1080 0.5324
vn -0.7242 -0.0298 0.6889
vn -0.5752 0.0506 0.8164
vn -0.4012 0.1285 0.9069
vn -0.2114 0.1999 0.9568
vn -0.0176 0.2610 0.9652
vn 0.1722 0.3102 0.9349
vn 0.3503 0.3463 0.8703
vn 0.5123 0.3692 0.7754
vn 0.6542 0.3788 0.6547
vn 0.7726 0.3753 0.5122
vn 0.8654 0.3588 0.3497
vn 0.9284 0.3290 0.1725
vn 0.9580 0.2862 -0.0158
vn 0.9504 0.2308 -0.2086
vn 0.9026 0.1642 -0.3979
vn 0.8145 0.0891 -0.5733
vn 0.6891 0.0093 -0.7246
vn 0.5336 -0.0705 -0.8428
vn 0.3573 -0.1461 -0.9225
vn -0.1979 -0.3160 -0.9279
vn -0.0167 -0.2707 -0.9625
vn 0.0844 -0.9964 -0.0000
vn 0.6547 -0.3788 -0.6541
vn -0.6546 -0.3788 -0.6542
vn -0.0002 -0.2138 0.9769
vn -0.0020 -0.9499 0.3127
vn 0.1887 -0.2663 0.9452
vn 0.1122 -0.9541 0.2778
vn 0.3653 -0.3099 0.8778
vn 0.0435 -0.9969 0.0662
vn 0.5239 -0.3437 0.7794
vn 0.2030 -0.9574 0.2055
vn 0.0554 -0.9969 0.0558
vn 0.6606 -0.3671 0.6548
vn 0.7722 -0.3799 0.5093
vn 0.8561 -0.3821 0.3479
vn 0.9112 -0.3735 0.1738
vn 0.9259 -0.3248 -0.1928
vn 0.9351 -0.3543 -0.0081
vn 0.8821 -0.2857 -0.3745
vn 0.8033 -0.2380 -0.5460
vn 0.6900 -0.1833 -0.7002
vn 0.2025 -0.9574 -0.2057
vn 0.5470 -0.1246 -0.8278
vn 0.0549 -0.9969 -0.0559
vn 0.3784 -0.0634 -0.9235
vn 0.1128 -0.9540 -0.2778
vn 0.0439 -0.9968 -0.0662
vn 0.1937 -0.0034 -0.9810
vn 0.0005 0.0538 -0.9986
vn -0.1918 0.1057 -0.9757
vn -0.3748 0.1507 -0.9148
vn -0.5414 0.1874 -0.8196
vn -0.6862 0.2146 -0.6950
vn -0.8047 0.2316 -0.5466
vn -0.8945 0.2377 -0.3785
vn -0.3168 -0.9394 -0.1307
vn -0.0699 -0.9965 -0.0466
vn -0.9524 0.2325 -0.1971
vn -0.9765 0.2156 -0.0074
vn -0.3380 -0.9388 0.0670
vn -0.9648 0.1870 0.1848
vn -0.3170 -0.9393 0.1313
vn -0.9163 0.1472 0.3724
vn -0.0699 -0.9964 0.0471
vn -0.8305 0.0971 0.5485
vn -0.7100 0.0390 0.7032
vn -0.5582 -0.0246 0.8293
vn -0.3830 -0.0903 0.9193
vn -0.1938 -0.1544 0.9688
vn 0.0002 -0.2139 0.9769
vn -0.1887 -0.2663 0.9452
vn -0.3653 -0.3099 0.8778
vn -0.5239 -0.3437 0.7794
vn -0.1613 -0.9558 0.2456
vn -0.6604 -0.3671 0.6551
vn -0.0549 -0.9969 0.0559
vn -0.7719 -0.3799 0.5098
vn -0.8564 -0.3819 0.3474
vn -0.9112 -0.3735 0.1738
vn -0.9351 -0.3543 -0.0081
vn -0.9259 -0.3248 -0.1928
vn -0.8821 -0.2857 -0.3745
vn -0.8033 -0.2380 -0.5460
vn -0.6904 -0.1835 -0.6998
vn -0.5470 -0.1246 -0.8278
vn -0.0549 -0.9969 -0.0559
vn -0.1617 -0.9558 -0.2456
vn -0.3789 -0.0636 -0.9233
vn -0.1937 -0.0034 -0.9810
vn -0.0005 0.0538 -0.9986
vn 0.0020 -0.9498 -0.3127
vn 0.1918 0.1057 -0.9757
vn 0.3748 0.1507 -0.9148
vn 0.5414 0.1874 -0.8196
vn 0.1849 -0.9437 -0.2745
vn 0.6859 0.2146 -0.6953
vn 0.0463 -0.9965 -0.0696
vn 0.8050 0.2316 -0.5462
vn 0.2829 -0.9404 -0.1885
vn 0.8945 0.2377 -0.3785
vn 0.0699 -0.9965 -0.0466
vn 0.3168 -0.9394 -0.1307
vn 0.9524 0.2325 -0.1971
vn 0.0779 -0.9964 -0.0325
vn 0.9765 0.2156 -0.0074
vn 0.9648 0.1870 0.1848
vn 0.9162 0.1471 0.3728
vn 0.3170 -0.9393 0.1314
vn 0.0778 -0.9964 0.0322
vn 0.8305 0.0971 0.5485
vn 0.2829 -0.9405 0.1882
vn 0.0699 -0.9964 0.0472
vn 0.7095 0.0389 0.7036
vn 0.2381 -0.9419 0.2368
vn 0.5582 -0.0246 0.8293
vn 0.1846 -0.9435 0.2750
vn 0.0465 -0.9965 0.0693
vn 0.3830 -0.0903 0.9193
vn 0.1938 -0.1544 0.9688
vn -0.1711 -0.2135 0.9618
vn 0.3663 -0.3490 0.8626
vn 0.5197 -0.3699 0.7701
vn 0.7685 -0.3757 0.5179
vn 0.8589 -0.3606 0.3636
vn 0.9224 -0.3334 0.1949
vn 0.9557 -0.2940 0.0150
vn 0.9549 -0.2425 -0.1713
vn 0.9167 -0.1798 -0.3568
vn 0.8396 -0.1080 -0.5323
vn 0.7241 -0.0298 -0.6891
vn 0.5754 0.0505 -0.8163
vn 0.4009 0.1286 -0.9071
vn 0.2114 0.1999 -0.9568
vn 0.0176 0.2610 -0.9652
vn -0.1718 0.3101 -0.9350
vn -0.3507 0.3463 -0.8701
vn -0.5123 0.3692 -0.7754
vn -0.6540 0.3788 -0.6548
vn -0.7730 0.3753 -0.5115
vn -0.8654 0.3588 -0.3497
vn -0.9284 0.3290 -0.1725
vn -0.9580 0.2862 0.0158
vn -0.9504 0.2308 0.2086
vn -0.9025 0.1641 0.3981
vn -0.8144 0.0891 0.5735
vn -0.6893 0.0094 0.7244
vn -0.5336 -0.0705 0.8428
vn -0.3575 -0.1460 0.9224
vn 0.1974 -0.3159 0.9280
vn 0.0167 -0.2707 0.9625
vn 0.1706 -0.2137 0.9619
vn -0.3665 -0.3491 0.8625
vn -0.5200 -0.3700 0.7699
vn -0.7688 -0.3757 0.5175
vn -0.8589 -0.3606 0.3636
vn -0.9224 -0.3334 0.1949
vn -0.9557 -0.2940 0.0150
vn -0.9549 -0.2425 -0.1713
vn -0.9167 -0.1798 -0.3568
vn -0.8396 -0.1080 -0.5323
vn -0.7243 -0.0299 -0.6889
vn -0.5750 0.0507 -0.8166
vn -0.4013 0.1285 -0.9069
vn -0.2114 0.1999 -0.9568
vn -0.0176 0.2610 -0.9652
vn 0.1718 0.3101 -0.9350
vn 0.3504 0.3463 -0.8702
vn 0.5123 0.3692 -0.7754
vn 0.6541 0.3788 -0.6547
vn 0.7726 0.3753 -0.5122
vn 0.8655 0.3587 -0.3496
vn 0.9284 0.3290 -0.1725
vn 0.9580 0.2862 0.0158
vn 0.9504 0.2308 0.2086
vn 0.9027 0.1643 0.3976
vn 0.8145 0.0891 0.5733
vn 0.6891 0.0093 0.7246
vn 0.5337 -0.0705 0.8428
vn 0.3572 -0.1461 0.9225
vn -0.1979 -0.3160 0.9279
vn -0.0167 -0.2707 0.9625
vn 0.6547 -0.3788 0.6541
vn -0.6545 -0.3788 0.6543
vt 0.764596 0.389318
vt 0.754901 0.395099
vt 0.754901 0.389318
vt 0.593446 0.389318
vt 0.583752 0.395099
vt 0.583752 0.389318
vt 0.593446 0.406660
vt 0.583752 0.412441
vt 0.583752 0.406660
vt 0.593446 0.418222
vt 0.583752 0.418222
vt 0.593446 0.424003
vt 0.583752 0.424003
vt 0.583752 0.429783
vt 0.593446 0.429783
vt 0.583752 0.435564
vt 0.593446 0.441345
vt 0.583752 0.441345
vt 0.583752 0.447126
vt 0.593446 0.447126
vt 0.583752 0.452907
vt 0.593446 0.458687
vt 0.583752 0.458687
vt 0.583752 0.464468
vt 0.593446 0.464468
vt 0.583752 0.470249
vt 0.593446 0.470249
vt 0.583752 0.476030
vt 0.593446 0.476030
vt 0.583752 0.481811
vt 0.593446 0.487591
vt 0.583752 0.487591
vt 0.593446 0.493372
vt 0.583752 0.493372
vt 0.583752 0.499153
vt 0.593446 0.504934
vt 0.583752 0.504934
vt 0.583752 0.510715
vt 0.593446 0.510715
vt 0.583752 0.516495
vt 0.593446 0.516495
vt 0.583752 0.522276
vt 0.593446 0.528057
vt 0.583752 0.528057
vt 0.593446 0.533838
vt 0.583752 0.533838
vt 0.583752 0.348852
vt 0.593446 0.354633
vt 0.583752 0.354633
vt 0.583752 0.360414
vt 0.593446 0.366195
vt 0.583752 0.366195
vt 0.593446 0.371976
vt 0.583752 0.371976
vt 0.583752 0.377756
vt 0.593446 0.377756
vt 0.583752 0.383537
vt 0.593446 0.383537
vt 0.593446 0.395099
vt 0.583752 0.400880
vt 0.764596 0.383537
vt 0.754901 0.383537
vt 0.764596 0.377756
vt 0.754901 0.377756
vt 0.764596 0.371976
vt 0.754901 0.371976
vt 0.754901 0.366195
vt 0.754901 0.360414
vt 0.764596 0.366195
vt 0.764596 0.354633
vt 0.754901 0.354633
vt 0.764596 0.348852
vt 0.754901 0.348852
vt 0.764596 0.528057
vt 0.754901 0.533838
vt 0.754901 0.528057
vt 0.754901 0.522276
vt 0.764596 0.516495
vt 0.754901 0.516495
vt 0.764596 0.510715
vt 0.754901 0.510715
vt 0.754901 0.504934
vt 0.754901 0.499153
vt 0.764596 0.504934
vt 0.754901 0.493372
vt 0.764596 0.499153
vt 0.754901 0.487591
vt 0.764596 0.493372
vt 0.754901 0.481811
vt 0.764596 0.487591
vt 0.754901 0.476030
vt 0.764596 0.481811
vt 0.754901 0.470249
vt 0.764596 0.476030
vt 0.764596 0.464468
vt 0.754901 0.464468
vt 0.754901 0.458687
vt 0.764596 0.452907
vt 0.754901 0.452907
vt 0.754901 0.447126
vt 0.754901 0.441345
vt 0.764596 0.447126
vt 0.764596 0.435564
vt 0.754901 0.435564
vt 0.754901 0.429783
vt 0.754901 0.424003
vt 0.764596 0.429783
vt 0.754901 0.418222
vt 0.764596 0.424003
vt 0.754901 0.412441
vt 0.764596 0.418222
vt 0.754901 0.406660
vt 0.764596 0.412441
vt 0.764596 0.400880
vt 0.754901 0.400879
vt 0.725927 0.395099
vt 0.725927 0.389318
vt 0.691995 0.389318
vt 0.656352 0.395099
vt 0.656352 0.389318
vt 0.622421 0.389318
vt 0.622421 0.395099
vt 0.725927 0.383537
vt 0.691995 0.383537
vt 0.656352 0.383537
vt 0.622421 0.383537
vt 0.725927 0.377756
vt 0.691995 0.377756
vt 0.656352 0.377756
vt 0.622421 0.377756
vt 0.725927 0.371976
vt 0.691995 0.371976
vt 0.656352 0.371976
vt 0.622421 0.371976
vt 0.725927 0.366195
vt 0.691995 0.366195
vt 0.656352 0.366195
vt 0.622421 0.366195
vt 0.725927 0.360414
vt 0.691995 0.360414
vt 0.656352 0.360414
vt 0.622421 0.360414
vt 0.593446 0.360414
vt 0.725927 0.354633
vt 0.691995 0.354633
vt 0.656352 0.354633
vt 0.622421 0.354633
vt 0.725927 0.348852
vt 0.691995 0.348852
vt 0.656352 0.348852
vt 0.622421 0.348852
vt 0.593446 0.348852
vt 0.725927 0.528057
vt 0.691995 0.533838
vt 0.691995 0.528057
vt 0.656352 0.528057
vt 0.656352 0.533838
vt 0.622421 0.528057
vt 0.725927 0.522276
vt 0.691995 0.522276
vt 0.656352 0.522276
vt 0.622421 0.522276
vt 0.593446 0.522276
vt 0.725927 0.516495
vt 0.691995 0.516495
vt 0.656352 0.516495
vt 0.622421 0.516495
vt 0.725927 0.510715
vt 0.691995 0.510715
vt 0.656352 0.510715
vt 0.622421 0.510715
vt 0.725927 0.504934
vt 0.691995 0.504934
vt 0.656352 0.504934
vt 0.622421 0.504934
vt 0.725927 0.499153
vt 0.691995 0.499153
vt 0.656352 0.499153
vt 0.622421 0.499153
vt 0.593446 0.499153
vt 0.725927 0.493372
vt 0.691995 0.493372
vt 0.656352 0.493372
vt 0.622421 0.493372
vt 0.725927 0.487591
vt 0.691995 0.487591
vt 0.656352 0.487591
vt 0.622421 0.487591
vt 0.725927 0.481811
vt 0.691995 0.481811
vt 0.656352 0.481811
vt 0.622421 0.481811
vt 0.593446 0.481811
vt 0.725927 0.476030
vt 0.691995 0.476030
vt 0.656352 0.476030
vt 0.622421 0.476030
vt 0.725927 0.470249
vt 0.691995 0.470249
vt 0.656352 0.470249
vt 0.622421 0.470249
vt 0.725927 0.464468
vt 0.691995 0.464468
vt 0.656352 0.464468
vt 0.622421 0.464468
vt 0.725927 0.458687
vt 0.691995 0.458687
vt 0.656352 0.458687
vt 0.622421 0.458687
vt 0.725927 0.452907
vt 0.691995 0.452907
vt 0.656352 0.452907
vt 0.622421 0.452907
vt 0.593446 0.452907
vt 0.725927 0.447126
vt 0.691995 0.447126
vt 0.656352 0.447126
vt 0.622421 0.447126
vt 0.725927 0.441345
vt 0.691995 0.441345
vt 0.656352 0.441345
vt 0.622421 0.441345
vt 0.725927 0.435564
vt 0.691995 0.435564
vt 0.656352 0.435564
vt 0.622421 0.435564
vt 0.593446 0.435564
vt 0.725927 0.429783
vt 0.691995 0.429783
vt 0.656352 0.429783
vt 0.622421 0.429783
vt 0.725927 0.424003
vt 0.691995 0.424003
vt 0.656352 0.424003
vt 0.622421 0.424003
vt 0.725927 0.418222
vt 0.691995 0.418222
vt 0.656352 0.418222
vt 0.622421 0.418222
vt 0.725927 0.412441
vt 0.691995 0.412441
vt 0.656352 0.412441
vt 0.622421 0.412441
vt 0.593446 0.412441
vt 0.725927 0.406660
vt 0.691995 0.406660
vt 0.656352 0.406660
vt 0.622421 0.406660
vt 0.725927 0.400879
vt 0.691995 0.400879
vt 0.656352 0.400879
vt 0.622421 0.400879
vt 0.593446 0.400879
vt 0.691995 0.395099
vt 0.764596 0.395099
vt 0.764596 0.360414
vt 0.764596 0.533838
vt 0.764596 0.522276
vt 0.764596 0.470249
vt 0.764596 0.458687
vt 0.764596 0.441345
vt 0.764596 0.406660
vt 0.725927 0.533838
vt 0.622421 0.533838
vt 0.428585 0.949477
vt 0.391556 0.964815
vt 0.332205 0.769161
vt 0.971283 0.797308
vt 0.963464 0.836619
vt 0.767810 0.777268
vt 0.352245 0.972634
vt 0.971283 0.757227
vt 0.312164 0.972634
vt 0.963464 0.717917
vt 0.272854 0.964815
vt 0.948125 0.680887
vt 0.235824 0.949477
vt 0.925858 0.647561
vt 0.202498 0.927209
vt 0.897516 0.619220
vt 0.174157 0.898868
vt 0.864191 0.596952
vt 0.151889 0.865542
vt 0.827161 0.581614
vt 0.136551 0.828512
vt 0.787850 0.573795
vt 0.128731 0.789201
vt 0.747769 0.573795
vt 0.128731 0.749121
vt 0.708459 0.581614
vt 0.136551 0.709810
vt 0.671429 0.596952
vt 0.151889 0.672780
vt 0.638103 0.619220
vt 0.174157 0.639454
vt 0.609762 0.647561
vt 0.202498 0.611113
vt 0.587494 0.680887
vt 0.235824 0.588845
vt 0.572156 0.717917
vt 0.272854 0.573507
vt 0.564336 0.757228
vt 0.312164 0.565688
vt 0.564336 0.797308
vt 0.352245 0.565688
vt 0.572156 0.836619
vt 0.391556 0.573507
vt 0.587494 0.873649
vt 0.428585 0.588845
vt 0.609762 0.906975
vt 0.461911 0.611113
vt 0.638103 0.935316
vt 0.490253 0.639454
vt 0.671429 0.957584
vt 0.512520 0.672780
vt 0.708459 0.972922
vt 0.527859 0.709810
vt 0.747769 0.980741
vt 0.535678 0.749121
vt 0.787850 0.980741
vt 0.535678 0.789201
vt 0.827161 0.972922
vt 0.527859 0.828512
vt 0.864191 0.957584
vt 0.512520 0.865542
vt 0.897516 0.935316
vt 0.490253 0.898868
vt 0.925858 0.906975
vt 0.461911 0.927209
vt 0.948125 0.873649
vt 0.079746 0.282723
vt 0.025812 0.313329
vt 0.025812 0.282723
vt 0.079746 0.313329
vt 0.025812 0.343935
vt 0.079746 0.343935
vt 0.025812 0.374540
vt 0.079746 0.374540
vt 0.025812 0.405146
vt 0.079746 0.405146
vt 0.025812 0.435752
vt 0.079746 0.435752
vt 0.025812 0.466357
vt 0.079746 0.466357
vt 0.025812 0.496963
vt 0.079746 0.496963
vt 0.025812 0.527569
vt 0.079746 0.527569
vt 0.025812 0.558174
vt 0.079746 0.558174
vt 0.025812 0.588780
vt 0.079746 0.588780
vt 0.025812 0.619386
vt 0.079746 0.619386
vt 0.025812 0.649992
vt 0.079746 0.649992
vt 0.025812 0.680597
vt 0.079746 0.680597
vt 0.025812 0.711203
vt 0.079746 0.711203
vt 0.025812 0.741809
vt 0.079746 0.741809
vt 0.025812 0.772414
vt 0.079746 0.772414
vt 0.025812 0.803020
vt 0.079746 0.803020
vt 0.025812 0.833626
vt 0.079746 0.833626
vt 0.025812 0.864231
vt 0.079746 0.864231
vt 0.025812 0.894837
vt 0.079746 0.894837
vt 0.025812 0.925443
vt 0.079746 0.925443
vt 0.025812 0.956048
vt 0.079746 0.956048
vt 0.025812 0.986654
vt 0.079746 0.007272
vt 0.025812 0.037878
vt 0.025812 0.007272
vt 0.079746 0.037878
vt 0.025812 0.068483
vt 0.079746 0.068483
vt 0.025812 0.099089
vt 0.079746 0.099089
vt 0.025812 0.129695
vt 0.079746 0.129695
vt 0.025812 0.160300
vt 0.079746 0.160300
vt 0.025812 0.190906
vt 0.079746 0.190906
vt 0.025812 0.221512
vt 0.079746 0.221512
vt 0.025812 0.252117
vt 0.079746 0.986654
vt 0.079746 0.252117
vt 0.917345 0.389273
vt 0.885630 0.395181
vt 0.885630 0.389273
vt 0.852319 0.395181
vt 0.852319 0.389273
vt 0.820604 0.389273
vt 0.944440 0.401088
vt 0.917345 0.395181
vt 0.944440 0.395181
vt 0.944440 0.389273
vt 0.885630 0.383366
vt 0.917345 0.383366
vt 0.852319 0.383366
vt 0.820604 0.383366
vt 0.820604 0.395181
vt 0.793508 0.389273
vt 0.944440 0.383366
vt 0.917345 0.377458
vt 0.885630 0.377458
vt 0.852319 0.377458
vt 0.820604 0.377458
vt 0.793508 0.383366
vt 0.944440 0.377458
vt 0.917345 0.371551
vt 0.885630 0.371551
vt 0.852319 0.371551
vt 0.820604 0.371551
vt 0.793508 0.377458
vt 0.944440 0.371551
vt 0.885630 0.365643
vt 0.917345 0.365643
vt 0.852319 0.365643
vt 0.820604 0.365643
vt 0.793508 0.371551
vt 0.944440 0.365643
vt 0.885630 0.359736
vt 0.917345 0.359736
vt 0.852319 0.359736
vt 0.820604 0.359736
vt 0.793508 0.365643
vt 0.944440 0.359736
vt 0.885630 0.353828
vt 0.917345 0.353828
vt 0.852319 0.353828
vt 0.820604 0.353828
vt 0.793508 0.359736
vt 0.944440 0.353828
vt 0.885630 0.347921
vt 0.917345 0.347921
vt 0.852319 0.347921
vt 0.820604 0.347921
vt 0.793508 0.353828
vt 0.944440 0.347921
vt 0.917345 0.536962
vt 0.885630 0.531055
vt 0.917345 0.531055
vt 0.885630 0.536962
vt 0.852319 0.531055
vt 0.852319 0.536962
vt 0.820604 0.531055
vt 0.793508 0.347921
vt 0.944440 0.531055
vt 0.885630 0.525147
vt 0.917345 0.525147
vt 0.852319 0.525147
vt 0.820604 0.525147
vt 0.820604 0.536962
vt 0.793508 0.531055
vt 0.944440 0.525147
vt 0.885630 0.519240
vt 0.917345 0.519240
vt 0.852319 0.519240
vt 0.820604 0.519240
vt 0.793508 0.525147
vt 0.944440 0.519240
vt 0.917345 0.513332
vt 0.885630 0.513332
vt 0.852319 0.513332
vt 0.820604 0.513332
vt 0.793508 0.519240
vt 0.944440 0.513332
vt 0.885630 0.507425
vt 0.917345 0.507425
vt 0.852319 0.507425
vt 0.820604 0.507425
vt 0.793508 0.513332
vt 0.944440 0.507425
vt 0.885630 0.501517
vt 0.917345 0.501517
vt 0.852319 0.501517
vt 0.820604 0.501517
vt 0.793508 0.507425
vt 0.944440 0.501517
vt 0.917345 0.495609
vt 0.885630 0.495609
vt 0.852319 0.495609
vt 0.820604 0.495609
vt 0.793508 0.501517
vt 0.944440 0.495609
vt 0.885630 0.489702
vt 0.917345 0.489702
vt 0.852319 0.489702
vt 0.820604 0.489702
vt 0.793508 0.495609
vt 0.944440 0.489702
vt 0.917345 0.483794
vt 0.885630 0.483794
vt 0.852319 0.483794
vt 0.820604 0.483794
vt 0.793508 0.489702
vt 0.944440 0.483794
vt 0.885630 0.477887
vt 0.917345 0.477887
vt 0.852319 0.477887
vt 0.820604 0.477887
vt 0.793508 0.483794
vt 0.944440 0.477887
vt 0.885630 0.471979
vt 0.917345 0.471979
vt 0.852319 0.471979
vt 0.820604 0.471979
vt 0.793508 0.477887
vt 0.944440 0.471979
vt 0.885630 0.466072
vt 0.917345 0.466072
vt 0.852319 0.466072
vt 0.820604 0.466072
vt 0.793508 0.471979
vt 0.944440 0.466072
vt 0.885630 0.460164
vt 0.917345 0.460164
vt 0.852319 0.460164
vt 0.820604 0.460164
vt 0.793508 0.466072
vt 0.944440 0.460164
vt 0.917345 0.454257
vt 0.885630 0.454257
vt 0.852319 0.454257
vt 0.820604 0.454257
vt 0.793508 0.460164
vt 0.944440 0.454257
vt 0.885630 0.448349
vt 0.917345 0.448349
vt 0.852319 0.448349
vt 0.820604 0.448349
vt 0.793508 0.454257
vt 0.944440 0.448349
vt 0.885630 0.442441
vt 0.917345 0.442441
vt 0.852319 0.442441
vt 0.820604 0.442441
vt 0.793508 0.448349
vt 0.944440 0.442441
vt 0.917345 0.436534
vt 0.885630 0.436534
vt 0.852319 0.436534
vt 0.820604 0.436534
vt 0.793508 0.442441
vt 0.944440 0.436534
vt 0.885630 0.430626
vt 0.917345 0.430626
vt 0.852319 0.430626
vt 0.820604 0.430626
vt 0.793508 0.436534
vt 0.944440 0.430626
vt 0.885630 0.424719
vt 0.917345 0.424719
vt 0.852319 0.424719
vt 0.820604 0.424719
vt 0.793508 0.430626
vt 0.944440 0.424719
vt 0.917345 0.418811
vt 0.885630 0.418811
vt 0.852319 0.418811
vt 0.820604 0.418811
vt 0.793508 0.424719
vt 0.944440 0.418811
vt 0.885630 0.412904
vt 0.917345 0.412904
vt 0.852319 0.412904
vt 0.820604 0.412904
vt 0.793508 0.418811
vt 0.944440 0.412904
vt 0.885630 0.406996
vt 0.917345 0.406996
vt 0.852319 0.406996
vt 0.820604 0.406996
vt 0.793508 0.412904
vt 0.944440 0.406996
vt 0.885630 0.401088
vt 0.917345 0.401088
vt 0.852319 0.401088
vt 0.820604 0.401088
vt 0.793508 0.406996
vt 0.793508 0.401088
vt 0.793508 0.395181
vt 0.944440 0.536962
vt 0.793508 0.536962
vt 0.885057 0.228067
vt 0.898823 0.242678
vt 0.885057 0.242678
vt 0.898823 0.257232
vt 0.885057 0.257232
vt 0.898823 0.271699
vt 0.885057 0.271699
vt 0.898823 0.286112
vt 0.885057 0.286112
vt 0.898823 0.300496
vt 0.885057 0.300496
vt 0.898823 0.228067
vt 0.912585 0.242678
vt 0.912585 0.257232
vt 0.912585 0.271699
vt 0.912585 0.286112
vt 0.912585 0.300496
vt 0.912585 0.228067
vt 0.926343 0.242678
vt 0.926343 0.257232
vt 0.926343 0.271699
vt 0.926343 0.286112
vt 0.926343 0.300496
vt 0.926343 0.228067
vt 0.940102 0.242678
vt 0.940102 0.257232
vt 0.940102 0.271699
vt 0.940102 0.286112
vt 0.940102 0.300496
vt 0.940102 0.228067
vt 0.953862 0.242678
vt 0.953862 0.257232
vt 0.953862 0.271699
vt 0.953862 0.286112
vt 0.953862 0.300496
vt 0.953862 0.228067
vt 0.967627 0.242678
vt 0.967627 0.257232
vt 0.967627 0.271699
vt 0.967627 0.286112
vt 0.967627 0.300496
vt 0.967627 0.228067
vt 0.981394 0.242678
vt 0.981394 0.257232
vt 0.981394 0.271699
vt 0.981394 0.286112
vt 0.981394 0.300496
vt 0.540755 0.228067
vt 0.554524 0.242678
vt 0.540755 0.242678
vt 0.554524 0.257232
vt 0.540755 0.257232
vt 0.554524 0.271699
vt 0.540755 0.271699
vt 0.554524 0.286112
vt 0.540755 0.286112
vt 0.554524 0.300496
vt 0.540755 0.300496
vt 0.568294 0.228067
vt 0.554524 0.228067
vt 0.568294 0.242678
vt 0.568294 0.257232
vt 0.568294 0.271699
vt 0.568294 0.286112
vt 0.582062 0.228067
vt 0.582062 0.242678
vt 0.582062 0.257232
vt 0.582062 0.271699
vt 0.582062 0.286112
vt 0.568294 0.300496
vt 0.595826 0.228067
vt 0.595826 0.242678
vt 0.595826 0.257232
vt 0.595826 0.271699
vt 0.595826 0.286112
vt 0.582062 0.300496
vt 0.609586 0.228067
vt 0.609586 0.242678
vt 0.609586 0.257232
vt 0.609586 0.271699
vt 0.609586 0.286112
vt 0.595826 0.300496
vt 0.623345 0.228067
vt 0.623345 0.242678
vt 0.623345 0.257232
vt 0.623345 0.271699
vt 0.623345 0.286112
vt 0.609586 0.300496
vt 0.637103 0.228067
vt 0.637103 0.242678
vt 0.637103 0.257232
vt 0.637103 0.271699
vt 0.637103 0.286112
vt 0.623345 0.300496
vt 0.650865 0.228067
vt 0.650865 0.242678
vt 0.650865 0.257232
vt 0.650865 0.271699
vt 0.650865 0.286112
vt 0.637103 0.300496
vt 0.664631 0.228067
vt 0.664631 0.242678
vt 0.664631 0.257232
vt 0.664631 0.271699
vt 0.664631 0.286112
vt 0.650865 0.300496
vt 0.678405 0.228067
vt 0.678405 0.242678
vt 0.678405 0.257232
vt 0.678405 0.271699
vt 0.678405 0.286112
vt 0.664631 0.300496
vt 0.692183 0.228067
vt 0.692183 0.242678
vt 0.692183 0.257232
vt 0.692183 0.271699
vt 0.692183 0.286112
vt 0.678405 0.300496
vt 0.705964 0.228067
vt 0.705964 0.242678
vt 0.705964 0.257232
vt 0.705964 0.271699
vt 0.705964 0.286112
vt 0.692183 0.300496
vt 0.719746 0.228067
vt 0.719746 0.242678
vt 0.719746 0.257232
vt 0.719746 0.271699
vt 0.719746 0.286112
vt 0.705964 0.300496
vt 0.733526 0.228067
vt 0.733526 0.242678
vt 0.733526 0.257232
vt 0.733526 0.271699
vt 0.733526 0.286112
vt 0.719746 0.300496
vt 0.747301 0.228067
vt 0.747301 0.242678
vt 0.747301 0.257232
vt 0.747301 0.271699
vt 0.747301 0.286112
vt 0.733526 0.300496
vt 0.761074 0.228067
vt 0.761074 0.242678
vt 0.761074 0.257232
vt 0.761074 0.271699
vt 0.761074 0.286112
vt 0.747301 0.300496
vt 0.774844 0.228067
vt 0.774844 0.242678
vt 0.774844 0.257232
vt 0.774844 0.271699
vt 0.774844 0.286112
vt 0.761074 0.300496
vt 0.788614 0.242678
vt 0.788614 0.257232
vt 0.788614 0.271699
vt 0.788614 0.286112
vt 0.788614 0.300496
vt 0.774844 0.300496
vt 0.788614 0.228067
vt 0.802387 0.242678
vt 0.802387 0.257232
vt 0.802387 0.271699
vt 0.802387 0.286112
vt 0.802387 0.300496
vt 0.802387 0.228067
vt 0.816162 0.242678
vt 0.816162 0.257232
vt 0.816162 0.271699
vt 0.816162 0.286112
vt 0.816162 0.300496
vt 0.816162 0.228067
vt 0.829942 0.242678
vt 0.829942 0.257232
vt 0.829942 0.271699
vt 0.829942 0.286112
vt 0.829942 0.300496
vt 0.829942 0.228067
vt 0.843724 0.242678
vt 0.843724 0.257232
vt 0.843724 0.271699
vt 0.843724 0.286112
vt 0.843724 0.300496
vt 0.843724 0.228067
vt 0.857505 0.242678
vt 0.857505 0.257232
vt 0.857505 0.271699
vt 0.857505 0.286112
vt 0.857505 0.300496
vt 0.857505 0.228067
vt 0.871284 0.242678
vt 0.871284 0.257232
vt 0.871284 0.271699
vt 0.871284 0.286112
vt 0.871284 0.300496
vt 0.871284 0.228067
vt 0.644308 0.046875
vt 0.630538 0.061488
vt 0.630538 0.046875
vt 0.644308 0.061488
vt 0.630538 0.076037
vt 0.644308 0.076037
vt 0.630538 0.090496
vt 0.644308 0.090496
vt 0.630538 0.104902
vt 0.644308 0.104902
vt 0.630538 0.119284
vt 0.616773 0.061488
vt 0.616773 0.046875
vt 0.616773 0.076037
vt 0.616773 0.090496
vt 0.616773 0.104902
vt 0.616773 0.119284
vt 0.603010 0.061488
vt 0.603010 0.046875
vt 0.603010 0.076037
vt 0.603010 0.090496
vt 0.603010 0.104902
vt 0.603010 0.119284
vt 0.589248 0.061488
vt 0.589248 0.046875
vt 0.589248 0.076037
vt 0.589248 0.090496
vt 0.589248 0.104902
vt 0.589248 0.119284
vt 0.575484 0.061488
vt 0.575484 0.046875
vt 0.575484 0.076037
vt 0.575484 0.090496
vt 0.575484 0.104902
vt 0.575484 0.119284
vt 0.561716 0.061488
vt 0.561716 0.046875
vt 0.561716 0.076037
vt 0.561716 0.090496
vt 0.561716 0.104902
vt 0.561716 0.119284
vt 0.547945 0.061488
vt 0.547945 0.046875
vt 0.547945 0.076037
vt 0.547945 0.090496
vt 0.547945 0.104902
vt 0.547945 0.119284
vt 0.534172 0.061488
vt 0.534172 0.046875
vt 0.534172 0.076037
vt 0.534172 0.090496
vt 0.534172 0.104902
vt 0.534172 0.119284
vt 0.974928 0.061488
vt 0.961155 0.046875
vt 0.974928 0.046875
vt 0.974928 0.076037
vt 0.961155 0.061488
vt 0.974928 0.090496
vt 0.961155 0.076037
vt 0.974928 0.104902
vt 0.961155 0.090496
vt 0.974928 0.119284
vt 0.961155 0.104902
vt 0.947383 0.046875
vt 0.947383 0.061488
vt 0.947383 0.076037
vt 0.947383 0.090496
vt 0.961155 0.119284
vt 0.947383 0.104902
vt 0.933616 0.046875
vt 0.933616 0.061488
vt 0.933616 0.076037
vt 0.933616 0.090496
vt 0.947383 0.119284
vt 0.933616 0.104902
vt 0.919851 0.046875
vt 0.919851 0.061488
vt 0.919851 0.076037
vt 0.919851 0.090496
vt 0.933616 0.119284
vt 0.919851 0.104902
vt 0.906089 0.046875
vt 0.906089 0.061488
vt 0.906089 0.076037
vt 0.906089 0.090496
vt 0.919851 0.119284
vt 0.906089 0.104902
vt 0.892327 0.046875
vt 0.892327 0.061488
vt 0.892327 0.076037
vt 0.892327 0.090496
vt 0.906089 0.119284
vt 0.892327 0.104902
vt 0.878562 0.046875
vt 0.878562 0.061488
vt 0.878562 0.076037
vt 0.878562 0.090496
vt 0.892327 0.119284
vt 0.878562 0.104902
vt 0.864792 0.046875
vt 0.864792 0.061488
vt 0.864792 0.076037
vt 0.864792 0.090496
vt 0.878562 0.119284
vt 0.864792 0.104902
vt 0.851015 0.046875
vt 0.851015 0.061488
vt 0.851015 0.076037
vt 0.851015 0.090496
vt 0.864792 0.119284
vt 0.851015 0.104902
vt 0.837233 0.046875
vt 0.837233 0.061488
vt 0.837233 0.076037
vt 0.837233 0.090496
vt 0.851015 0.119284
vt 0.837233 0.104902
vt 0.823448 0.046875
vt 0.823448 0.061488
vt 0.823448 0.076037
vt 0.823448 0.090496
vt 0.837233 0.119284
vt 0.823448 0.104902
vt 0.809663 0.046875
vt 0.809663 0.061488
vt 0.809663 0.076037
vt 0.809663 0.090496
vt 0.823448 0.119284
vt 0.809663 0.104902
vt 0.795879 0.046875
vt 0.795879 0.061488
vt 0.795879 0.076037
vt 0.795879 0.090496
vt 0.809663 0.119284
vt 0.795879 0.104902
vt 0.782100 0.046875
vt 0.782100 0.061488
vt 0.782100 0.076037
vt 0.782100 0.090496
vt 0.795879 0.119284
vt 0.782100 0.104902
vt 0.768324 0.046875
vt 0.768324 0.061488
vt 0.768324 0.076037
vt 0.768324 0.090496
vt 0.782100 0.119284
vt 0.768324 0.104902
vt 0.754550 0.046875
vt 0.754550 0.061488
vt 0.754550 0.076037
vt 0.754550 0.090496
vt 0.768324 0.119284
vt 0.754550 0.104902
vt 0.740776 0.061488
vt 0.740776 0.046875
vt 0.740776 0.076037
vt 0.740776 0.090496
vt 0.740776 0.104902
vt 0.740776 0.119284
vt 0.727000 0.061488
vt 0.727000 0.046875
vt 0.727000 0.076037
vt 0.727000 0.090496
vt 0.727000 0.104902
vt 0.727000 0.119284
vt 0.713221 0.061488
vt 0.713221 0.046875
vt 0.713221 0.076037
vt 0.713221 0.090496
vt 0.713221 0.104902
vt 0.713221 0.119284
vt 0.699437 0.061488
vt 0.699437 0.046875
vt 0.699437 0.076037
vt 0.699437 0.090496
vt 0.699437 0.104902
vt 0.699438 0.119284
vt 0.685652 0.061488
vt 0.685652 0.046875
vt 0.685652 0.076037
vt 0.685652 0.090496
vt 0.685652 0.104902
vt 0.685652 0.119284
vt 0.671867 0.061488
vt 0.671867 0.046875
vt 0.671867 0.076037
vt 0.671867 0.090496
vt 0.671867 0.104902
vt 0.671867 0.119284
vt 0.658085 0.061488
vt 0.658085 0.046875
vt 0.658085 0.076037
vt 0.658085 0.090496
vt 0.658085 0.104902
vt 0.658085 0.119284
vt 0.644308 0.119284
vt 0.420012 0.188604
vt 0.430988 0.336252
vt 0.420012 0.336252
vt 0.452926 0.188604
vt 0.463890 0.336252
vt 0.452926 0.336252
vt 0.463890 0.188604
vt 0.474854 0.336252
vt 0.485820 0.188604
vt 0.485820 0.336252
vt 0.496789 0.188604
vt 0.496789 0.336252
vt 0.507760 0.188604
vt 0.507760 0.336252
vt 0.156608 0.336252
vt 0.167581 0.188604
vt 0.167581 0.336252
vt 0.178555 0.188604
vt 0.178555 0.336252
vt 0.189526 0.188604
vt 0.189526 0.336252
vt 0.200495 0.188604
vt 0.200495 0.336252
vt 0.211461 0.188604
vt 0.211461 0.336252
vt 0.222425 0.188604
vt 0.222425 0.336252
vt 0.233389 0.188604
vt 0.233389 0.336252
vt 0.244356 0.188604
vt 0.244356 0.336252
vt 0.255327 0.188604
vt 0.255327 0.336252
vt 0.266302 0.188604
vt 0.266302 0.336252
vt 0.277283 0.188604
vt 0.277283 0.336252
vt 0.288266 0.188604
vt 0.288266 0.336252
vt 0.299249 0.188604
vt 0.299249 0.336252
vt 0.310230 0.336252
vt 0.310230 0.188604
vt 0.321208 0.336252
vt 0.321208 0.188604
vt 0.332184 0.336252
vt 0.332184 0.188604
vt 0.343157 0.336252
vt 0.343157 0.188604
vt 0.354131 0.336252
vt 0.354131 0.188604
vt 0.365106 0.336252
vt 0.365106 0.188604
vt 0.376085 0.336252
vt 0.376085 0.188604
vt 0.387066 0.336252
vt 0.387066 0.188604
vt 0.398049 0.336252
vt 0.398049 0.188604
vt 0.409032 0.336252
vt 0.409032 0.188604
vt 0.441959 0.188604
vt 0.441959 0.336252
vt 0.430988 0.188604
vt 0.420326 0.013541
vt 0.409350 0.161189
vt 0.409350 0.013541
vt 0.453228 0.013541
vt 0.442264 0.161189
vt 0.442264 0.013541
vt 0.464192 0.013541
vt 0.453228 0.161189
vt 0.475158 0.161189
vt 0.475158 0.013541
vt 0.486127 0.161189
vt 0.486127 0.013541
vt 0.497098 0.161189
vt 0.497098 0.013541
vt 0.508071 0.161189
vt 0.508071 0.013541
vt 0.167892 0.161189
vt 0.156919 0.013541
vt 0.167892 0.013541
vt 0.178864 0.161189
vt 0.178864 0.013541
vt 0.189833 0.161189
vt 0.189833 0.013541
vt 0.200799 0.161189
vt 0.200799 0.013541
vt 0.211763 0.161189
vt 0.211763 0.013541
vt 0.222727 0.161189
vt 0.222727 0.013541
vt 0.233693 0.161189
vt 0.233693 0.013541
vt 0.244664 0.161189
vt 0.244664 0.013541
vt 0.255640 0.161189
vt 0.255640 0.013541
vt 0.266621 0.161189
vt 0.266621 0.013541
vt 0.277604 0.161189
vt 0.277603 0.013541
vt 0.288587 0.161189
vt 0.288586 0.013541
vt 0.299568 0.013541
vt 0.310546 0.013541
vt 0.299568 0.161189
vt 0.321522 0.013541
vt 0.310546 0.161189
vt 0.332495 0.013541
vt 0.321522 0.161189
vt 0.343469 0.013541
vt 0.332495 0.161189
vt 0.354444 0.013541
vt 0.343469 0.161189
vt 0.365422 0.013541
vt 0.354444 0.161189
vt 0.376404 0.013541
vt 0.365423 0.161189
vt 0.387387 0.013541
vt 0.376404 0.161189
vt 0.398370 0.013541
vt 0.387387 0.161189
vt 0.398370 0.161189
vt 0.431297 0.161189
vt 0.431297 0.013541
vt 0.420326 0.161189
vt 0.441736 0.454416
vt 0.416497 0.371214
vt 0.433214 0.367890
vt 0.450258 0.367890
vt 0.466975 0.371214
vt 0.482722 0.377737
vt 0.496893 0.387206
vt 0.508945 0.399258
vt 0.518415 0.413430
vt 0.524937 0.429176
vt 0.528262 0.445893
vt 0.528262 0.462937
vt 0.524938 0.479654
vt 0.518415 0.495401
vt 0.508946 0.509573
vt 0.496894 0.521625
vt 0.482722 0.531094
vt 0.466975 0.537616
vt 0.450259 0.540942
vt 0.433214 0.540942
vt 0.416498 0.537617
vt 0.400751 0.531094
vt 0.386579 0.521625
vt 0.374527 0.509573
vt 0.365058 0.495401
vt 0.358535 0.479654
vt 0.355210 0.462938
vt 0.355210 0.445894
vt 0.358535 0.429177
vt 0.365058 0.413430
vt 0.374527 0.399259
vt 0.386579 0.387206
vt 0.400751 0.377737
vt 0.236081 0.451402
vt 0.303290 0.506559
vt 0.291238 0.518611
vt 0.312759 0.492387
vt 0.319282 0.476640
vt 0.322607 0.459924
vt 0.322607 0.442879
vt 0.319282 0.426162
vt 0.312759 0.410416
vt 0.303290 0.396244
vt 0.291238 0.384192
vt 0.277066 0.374723
vt 0.261320 0.368200
vt 0.244603 0.364875
vt 0.227558 0.364875
vt 0.210842 0.368200
vt 0.195095 0.374723
vt 0.180924 0.384192
vt 0.168872 0.396244
vt 0.159402 0.410416
vt 0.152880 0.426163
vt 0.149555 0.442880
vt 0.149555 0.459924
vt 0.152880 0.476640
vt 0.159402 0.492387
vt 0.168872 0.506559
vt 0.180924 0.518611
vt 0.195096 0.528080
vt 0.210842 0.534603
vt 0.227559 0.537928
vt 0.244603 0.537928
vt 0.261320 0.534602
vt 0.277066 0.528080
vt 0.981394 0.228067
vt 0.754550 0.119284
vt 0.474854 0.188604
vt 0.156608 0.188604
vt 0.464192 0.161189
vt 0.156919 0.161189
s 1
usemtl stool
f 256/1/1 1/2/2 188/3/3
f 187/4/4 193/5/5 255/6/6
f 13/7/7 199/8/8 197/9/9
f 199/8/8 25/10/10 201/11/11
f 201/11/11 31/12/12 203/13/13
f 31/12/12 205/14/14 203/13/13
f 37/15/15 207/16/16 205/14/14
f 207/16/16 49/17/17 209/18/18
f 49/17/17 211/19/19 209/18/18
f 55/20/20 213/21/21 211/19/19
f 213/21/21 67/22/22 215/23/23
f 67/22/22 217/24/24 215/23/23
f 73/25/25 219/26/26 217/24/24
f 79/27/27 221/28/28 219/26/26
f 85/29/29 223/30/30 221/28/28
f 223/30/30 97/31/31 225/32/32
f 225/32/32 103/33/33 227/34/34
f 103/33/33 229/35/35 227/34/34
f 229/35/35 115/36/36 231/37/37
f 115/36/36 233/38/38 231/37/37
f 121/39/39 235/40/40 233/38/38
f 127/41/41 237/42/42 235/40/40
f 237/42/42 139/43/43 239/44/44
f 239/44/44 145/45/45 241/46/46
f 241/47/46 151/48/47 243/49/48
f 151/48/47 245/50/49 243/49/48
f 245/50/49 163/51/50 247/52/51
f 247/52/51 169/53/52 249/54/53
f 169/53/52 251/55/54 249/54/53
f 175/56/55 253/57/56 251/55/54
f 181/58/57 255/6/6 253/57/56
f 2/59/58 194/60/59 193/5/5
f 254/61/60 188/3/3 182/62/61
f 252/63/62 182/62/61 176/64/63
f 250/65/64 176/64/63 170/66/65
f 164/67/66 250/65/64 170/66/65
f 158/68/67 248/69/68 164/67/66
f 244/70/69 158/68/67 152/71/70
f 242/72/71 152/71/70 146/73/72
f 240/74/73 146/75/72 140/76/74
f 134/77/75 240/74/73 140/76/74
f 236/78/76 134/77/75 128/79/77
f 234/80/78 128/79/77 122/81/79
f 116/82/80 234/80/78 122/81/79
f 110/83/81 232/84/82 116/82/80
f 104/85/83 230/86/84 110/83/81
f 98/87/85 228/88/86 104/85/83
f 92/89/87 226/90/88 98/87/85
f 86/91/89 224/92/90 92/89/87
f 80/93/91 222/94/92 86/91/89
f 218/95/93 80/93/91 74/96/94
f 68/97/95 218/95/93 74/96/94
f 214/98/96 68/97/95 62/99/97
f 56/100/98 214/98/96 62/99/97
f 50/101/99 212/102/100 56/100/98
f 208/103/101 50/101/99 44/104/102
f 38/105/103 208/103/101 44/104/102
f 32/106/104 206/107/105 38/105/103
f 26/108/106 204/109/107 32/106/104
f 20/110/108 202/111/109 26/108/106
f 14/112/110 200/113/111 20/110/108
f 195/114/112 14/112/110 8/115/113
f 188/3/3 3/116/114 192/117/115
f 3/116/114 191/118/116 192/117/115
f 191/118/116 5/119/117 190/120/118
f 5/119/117 189/121/119 190/120/118
f 6/122/120 187/4/4 189/121/119
f 182/62/61 192/117/115 186/123/121
f 192/117/115 185/124/122 186/123/121
f 191/118/116 184/125/123 185/124/122
f 190/120/118 183/126/124 184/125/123
f 189/121/119 181/58/57 183/126/124
f 176/64/63 186/123/121 180/127/125
f 186/123/121 179/128/126 180/127/125
f 179/128/126 184/125/123 178/129/127
f 178/129/127 183/126/124 177/130/128
f 177/130/128 181/58/57 175/56/55
f 170/66/65 180/127/125 174/131/129
f 174/131/129 179/128/126 173/132/130
f 179/128/126 172/133/131 173/132/130
f 172/133/131 177/130/128 171/134/132
f 177/130/128 169/53/52 171/134/132
f 164/67/66 174/131/129 168/135/133
f 174/131/129 167/136/134 168/135/133
f 173/132/130 166/137/135 167/136/134
f 172/133/131 165/138/136 166/137/135
f 165/138/136 169/53/52 163/51/50
f 158/68/67 168/135/133 162/139/137
f 168/135/133 161/140/138 162/139/137
f 167/136/134 160/141/139 161/140/138
f 166/137/135 159/142/140 160/141/139
f 165/138/136 157/143/141 159/142/140
f 158/68/67 156/144/142 152/71/70
f 162/139/137 155/145/143 156/144/142
f 161/140/138 154/146/144 155/145/143
f 160/141/139 153/147/145 154/146/144
f 153/147/145 157/143/141 151/48/47
f 152/71/70 150/148/146 146/73/72
f 156/144/142 149/149/147 150/148/146
f 155/145/143 148/150/148 149/149/147
f 154/146/144 147/151/149 148/150/148
f 153/147/145 145/152/45 147/151/149
f 146/75/72 144/153/150 140/76/74
f 144/153/150 149/154/147 143/155/151
f 149/154/147 142/156/152 143/155/151
f 148/157/148 141/158/153 142/156/152
f 141/158/153 145/45/45 139/43/43
f 140/76/74 138/159/154 134/77/75
f 138/159/154 143/155/151 137/160/155
f 143/155/151 136/161/156 137/160/155
f 142/156/152 135/162/157 136/161/156
f 135/162/157 139/43/43 133/163/158
f 134/77/75 132/164/159 128/79/77
f 132/164/159 137/160/155 131/165/160
f 131/165/160 136/161/156 130/166/161
f 130/166/161 135/162/157 129/167/162
f 129/167/162 133/163/158 127/41/41
f 128/79/77 126/168/163 122/81/79
f 132/164/159 125/169/164 126/168/163
f 131/165/160 124/170/165 125/169/164
f 130/166/161 123/171/166 124/170/165
f 123/171/166 127/41/41 121/39/39
f 122/81/79 120/172/167 116/82/80
f 120/172/167 125/169/164 119/173/168
f 119/173/168 124/170/165 118/174/169
f 124/170/165 117/175/170 118/174/169
f 117/175/170 121/39/39 115/36/36
f 116/82/80 114/176/171 110/83/81
f 114/176/171 119/173/168 113/177/172
f 119/173/168 112/178/173 113/177/172
f 118/174/169 111/179/174 112/178/173
f 117/175/170 109/180/175 111/179/174
f 110/83/81 108/181/176 104/85/83
f 114/176/171 107/182/177 108/181/176
f 113/177/172 106/183/178 107/182/177
f 112/178/173 105/184/179 106/183/178
f 111/179/174 103/33/33 105/184/179
f 104/85/83 102/185/180 98/87/85
f 108/181/176 101/186/181 102/185/180
f 107/182/177 100/187/182 101/186/181
f 106/183/178 99/188/183 100/187/182
f 105/184/179 97/31/31 99/188/183
f 92/89/87 102/185/180 96/189/184
f 96/189/184 101/186/181 95/190/185
f 101/186/181 94/191/186 95/190/185
f 100/187/182 93/192/187 94/191/186
f 99/188/183 91/193/188 93/192/187
f 92/89/87 90/194/189 86/91/89
f 96/189/184 89/195/190 90/194/189
f 89/195/190 94/191/186 88/196/191
f 94/191/186 87/197/192 88/196/191
f 93/192/187 85/29/29 87/197/192
f 86/91/89 84/198/193 80/93/91
f 90/194/189 83/199/194 84/198/193
f 89/195/190 82/200/195 83/199/194
f 88/196/191 81/201/196 82/200/195
f 87/197/192 79/27/27 81/201/196
f 74/96/94 84/198/193 78/202/197
f 84/198/193 77/203/198 78/202/197
f 77/203/198 82/200/195 76/204/199
f 82/200/195 75/205/200 76/204/199
f 81/201/196 73/25/25 75/205/200
f 68/97/95 78/202/197 72/206/201
f 72/206/201 77/203/198 71/207/202
f 77/203/198 70/208/203 71/207/202
f 76/204/199 69/209/204 70/208/203
f 75/205/200 67/22/22 69/209/204
f 62/99/97 72/206/201 66/210/205
f 66/210/205 71/207/202 65/211/206
f 65/211/206 70/208/203 64/212/207
f 64/212/207 69/209/204 63/213/208
f 69/209/204 61/214/209 63/213/208
f 62/99/97 60/215/210 56/100/98
f 66/210/205 59/216/211 60/215/210
f 59/216/211 64/212/207 58/217/212
f 64/212/207 57/218/213 58/217/212
f 57/218/213 61/214/209 55/20/20
f 50/101/99 60/215/210 54/219/214
f 60/215/210 53/220/215 54/219/214
f 59/216/211 52/221/216 53/220/215
f 58/217/212 51/222/217 52/221/216
f 51/222/217 55/20/20 49/17/17
f 44/104/102 54/219/214 48/223/218
f 48/223/218 53/220/215 47/224/219
f 53/220/215 46/225/220 47/224/219
f 52/221/216 45/226/221 46/225/220
f 51/222/217 43/227/222 45/226/221
f 44/104/102 42/228/223 38/105/103
f 48/223/218 41/229/224 42/228/223
f 41/229/224 46/225/220 40/230/225
f 40/230/225 45/226/221 39/231/226
f 45/226/221 37/15/15 39/231/226
f 32/106/104 42/228/223 36/232/227
f 42/228/223 35/233/228 36/232/227
f 41/229/224 34/234/229 35/233/228
f 40/230/225 33/235/230 34/234/229
f 39/231/226 31/12/12 33/235/230
f 26/108/106 36/232/227 30/236/231
f 36/232/227 29/237/232 30/236/231
f 35/233/228 28/238/233 29/237/232
f 34/234/229 27/239/234 28/238/233
f 27/239/234 31/12/12 25/10/10
f 20/110/108 30/236/231 24/240/235
f 24/240/235 29/237/232 23/241/236
f 29/237/232 22/242/237 23/241/236
f 28/238/233 21/243/238 22/242/237
f 27/239/234 19/244/239 21/243/238
f 20/110/108 18/245/240 14/112/110
f 24/240/235 17/246/241 18/245/240
f 23/241/236 16/247/242 17/246/241
f 22/242/237 15/248/243 16/247/242
f 21/243/238 13/7/7 15/248/243
f 14/112/110 12/249/244 8/115/113
f 18/245/240 11/250/245 12/249/244
f 17/246/241 10/251/246 11/250/245
f 16/247/242 9/252/247 10/251/246
f 15/248/243 7/253/248 9/252/247
f 8/115/113 3/116/114 1/2/2
f 12/249/244 4/254/249 3/116/114
f 11/250/245 5/119/117 4/254/249
f 10/251/246 6/122/120 5/119/117
f 9/252/247 2/59/58 6/122/120
f 1/2/2 195/114/112 8/115/113
f 7/253/248 197/9/9 194/60/59
f 256/1/1 196/255/250 1/2/2
f 187/4/4 2/59/58 193/5/5
f 13/7/7 19/244/239 199/8/8
f 199/8/8 19/244/239 25/10/10
f 201/11/11 25/10/10 31/12/12
f 31/12/12 37/15/15 205/14/14
f 37/15/15 43/227/222 207/16/16
f 207/16/16 43/227/222 49/17/17
f 49/17/17 55/20/20 211/19/19
f 55/20/20 61/214/209 213/21/21
f 213/21/21 61/214/209 67/22/22
f 67/22/22 73/25/25 217/24/24
f 73/25/25 79/27/27 219/26/26
f 79/27/27 85/29/29 221/28/28
f 85/29/29 91/193/188 223/30/30
f 223/30/30 91/193/188 97/31/31
f 225/32/32 97/31/31 103/33/33
f 103/33/33 109/180/175 229/35/35
f 229/35/35 109/180/175 115/36/36
f 115/36/36 121/39/39 233/38/38
f 121/39/39 127/41/41 235/40/40
f 127/41/41 133/163/158 237/42/42
f 237/42/42 133/163/158 139/43/43
f 239/44/44 139/43/43 145/45/45
f 241/47/46 145/152/45 151/48/47
f 151/48/47 157/143/141 245/50/49
f 245/50/49 157/143/141 163/51/50
f 247/52/51 163/51/50 169/53/52
f 169/53/52 175/56/55 251/55/54
f 175/56/55 181/58/57 253/57/56
f 181/58/57 187/4/4 255/6/6
f 2/59/58 7/253/248 194/60/59
f 254/61/60 256/1/1 188/3/3
f 252/63/62 254/61/60 182/62/61
f 250/65/64 252/63/62 176/64/63
f 164/67/66 248/69/68 250/65/64
f 158/68/67 246/256/251 248/69/68
f 244/70/69 246/256/251 158/68/67
f 242/72/71 244/70/69 152/71/70
f 240/74/73 242/257/71 146/75/72
f 134/77/75 238/258/252 240/74/73
f 236/78/76 238/258/252 134/77/75
f 234/80/78 236/78/76 128/79/77
f 116/82/80 232/84/82 234/80/78
f 110/83/81 230/86/84 232/84/82
f 104/85/83 228/88/86 230/86/84
f 98/87/85 226/90/88 228/88/86
f 92/89/87 224/92/90 226/90/88
f 86/91/89 222/94/92 224/92/90
f 80/93/91 220/259/253 222/94/92
f 218/95/93 220/259/253 80/93/91
f 68/97/95 216/260/254 218/95/93
f 214/98/96 216/260/254 68/97/95
f 56/100/98 212/102/100 214/98/96
f 50/101/99 210/261/255 212/102/100
f 208/103/101 210/261/255 50/101/99
f 38/105/103 206/107/105 208/103/101
f 32/106/104 204/109/107 206/107/105
f 26/108/106 202/111/109 204/109/107
f 20/110/108 200/113/111 202/111/109
f 14/112/110 198/262/256 200/113/111
f 195/114/112 198/262/256 14/112/110
f 188/3/3 1/2/2 3/116/114
f 3/116/114 4/254/249 191/118/116
f 191/118/116 4/254/249 5/119/117
f 5/119/117 6/122/120 189/121/119
f 6/122/120 2/59/58 187/4/4
f 182/62/61 188/3/3 192/117/115
f 192/117/115 191/118/116 185/124/122
f 191/118/116 190/120/118 184/125/123
f 190/120/118 189/121/119 183/126/124
f 189/121/119 187/4/4 181/58/57
f 176/64/63 182/62/61 186/123/121
f 186/123/121 185/124/122 179/128/126
f 179/128/126 185/124/122 184/125/123
f 178/129/127 184/125/123 183/126/124
f 177/130/128 183/126/124 181/58/57
f 170/66/65 176/64/63 180/127/125
f 174/131/129 180/127/125 179/128/126
f 179/128/126 178/129/127 172/133/131
f 172/133/131 178/129/127 177/130/128
f 177/130/128 175/56/55 169/53/52
f 164/67/66 170/66/65 174/131/129
f 174/131/129 173/132/130 167/136/134
f 173/132/130 172/133/131 166/137/135
f 172/133/131 171/134/132 165/138/136
f 165/138/136 171/134/132 169/53/52
f 158/68/67 164/67/66 168/135/133
f 168/135/133 167/136/134 161/140/138
f 167/136/134 166/137/135 160/141/139
f 166/137/135 165/138/136 159/142/140
f 165/138/136 163/51/50 157/143/141
f 158/68/67 162/139/137 156/144/142
f 162/139/137 161/140/138 155/145/143
f 161/140/138 160/141/139 154/146/144
f 160/141/139 159/142/140 153/147/145
f 153/147/145 159/142/140 157/143/141
f 152/71/70 156/144/142 150/148/146
f 156/144/142 155/145/143 149/149/147
f 155/145/143 154/146/144 148/150/148
f 154/146/144 153/147/145 147/151/149
f 153/147/145 151/48/47 145/152/45
f 146/75/72 150/263/146 144/153/150
f 144/153/150 150/263/146 149/154/147
f 149/154/147 148/157/148 142/156/152
f 148/157/148 147/264/149 141/158/153
f 141/158/153 147/264/149 145/45/45
f 140/76/74 144/153/150 138/159/154
f 138/159/154 144/153/150 143/155/151
f 143/155/151 142/156/152 136/161/156
f 142/156/152 141/158/153 135/162/157
f 135/162/157 141/158/153 139/43/43
f 134/77/75 138/159/154 132/164/159
f 132/164/159 138/159/154 137/160/155
f 131/165/160 137/160/155 136/161/156
f 130/166/161 136/161/156 135/162/157
f 129/167/162 135/162/157 133/163/158
f 128/79/77 132/164/159 126/168/163
f 132/164/159 131/165/160 125/169/164
f 131/165/160 130/166/161 124/170/165
f 130/166/161 129/167/162 123/171/166
f 123/171/166 129/167/162 127/41/41
f 122/81/79 126/168/163 120/172/167
f 120/172/167 126/168/163 125/169/164
f 119/173/168 125/169/164 124/170/165
f 124/170/165 123/171/166 117/175/170
f 117/175/170 123/171/166 121/39/39
f 116/82/80 120/172/167 114/176/171
f 114/176/171 120/172/167 119/173/168
f 119/173/168 118/174/169 112/178/173
f 118/174/169 117/175/170 111/179/174
f 117/175/170 115/36/36 109/180/175
f 110/83/81 114/176/171 108/181/176
f 114/176/171 113/177/172 107/182/177
f 113/177/172 112/178/173 106/183/178
f 112/178/173 111/179/174 105/184/179
f 111/179/174 109/180/175 103/33/33
f 104/85/83 108/181/176 102/185/180
f 108/181/176 107/182/177 101/186/181
f 107/182/177 106/183/178 100/187/182
f 106/183/178 105/184/179 99/188/183
f 105/184/179 103/33/33 97/31/31
f 92/89/87 98/87/85 102/185/180
f 96/189/184 102/185/180 101/186/181
f 101/186/181 100/187/182 94/191/186
f 100/187/182 99/188/183 93/192/187
f 99/188/183 97/31/31 91/193/188
f 92/89/87 96/189/184 90/194/189
f 96/189/184 95/190/185 89/195/190
f 89/195/190 95/190/185 94/191/186
f 94/191/186 93/192/187 87/197/192
f 93/192/187 91/193/188 85/29/29
f 86/91/89 90/194/189 84/198/193
f 90/194/189 89/195/190 83/199/194
f 89/195/190 88/196/191 82/200/195
f 88/196/191 87/197/192 81/201/196
f 87/197/192 85/29/29 79/27/27
f 74/96/94 80/93/91 84/198/193
f 84/198/193 83/199/194 77/203/198
f 77/203/198 83/199/194 82/200/195
f 82/200/195 81/201/196 75/205/200
f 81/201/196 79/27/27 73/25/25
f 68/97/95 74/96/94 78/202/197
f 72/206/201 78/202/197 77/203/198
f 77/203/198 76/204/199 70/208/203
f 76/204/199 75/205/200 69/209/204
f 75/205/200 73/25/25 67/22/22
f 62/99/97 68/97/95 72/206/201
f 66/210/205 72/206/201 71/207/202
f 65/211/206 71/207/202 70/208/203
f 64/212/207 70/208/203 69/209/204
f 69/209/204 67/22/22 61/214/209
f 62/99/97 66/210/205 60/215/210
f 66/210/205 65/211/206 59/216/211
f 59/216/211 65/211/206 64/212/207
f 64/212/207 63/213/208 57/218/213
f 57/218/213 63/213/208 61/214/209
f 50/101/99 56/100/98 60/215/210
f 60/215/210 59/216/211 53/220/215
f 59/216/211 58/217/212 52/221/216
f 58/217/212 57/218/213 51/222/217
f 51/222/217 57/218/213 55/20/20
f 44/104/102 50/101/99 54/219/214
f 48/223/218 54/219/214 53/220/215
f 53/220/215 52/221/216 46/225/220
f 52/221/216 51/222/217 45/226/221
f 51/222/217 49/17/17 43/227/222
f 44/104/102 48/223/218 42/228/223
f 48/223/218 47/224/219 41/229/224
f 41/229/224 47/224/219 46/225/220
f 40/230/225 46/225/220 45/226/221
f 45/226/221 43/227/222 37/15/15
f 32/106/104 38/105/103 42/228/223
f 42/228/223 41/229/224 35/233/228
f 41/229/224 40/230/225 34/234/229
f 40/230/225 39/231/226 33/235/230
f 39/231/226 37/15/15 31/12/12
f 26/108/106 32/106/104 36/232/227
f 36/232/227 35/233/228 29/237/232
f 35/233/228 34/234/229 28/238/233
f 34/234/229 33/235/230 27/239/234
f 27/239/234 33/235/230 31/12/12
f 20/110/108 26/108/106 30/236/231
f 24/240/235 30/236/231 29/237/232
f 29/237/232 28/238/233 22/242/237
f 28/238/233 27/239/234 21/243/238
f 27/239/234 25/10/10 19/244/239
f 20/110/108 24/240/235 18/245/240
f 24/240/235 23/241/236 17/246/241
f 23/241/236 22/242/237 16/247/242
f 22/242/237 21/243/238 15/248/243
f 21/243/238 19/244/239 13/7/7
f 14/112/110 18/245/240 12/249/244
f 18/245/240 17/246/241 11/250/245
f 17/246/241 16/247/242 10/251/246
f 16/247/242 15/248/243 9/252/247
f 15/248/243 13/7/7 7/253/248
f 8/115/113 12/249/244 3/116/114
f 12/249/244 11/250/245 4/254/249
f 11/250/245 10/251/246 5/119/117
f 10/251/246 9/252/247 6/122/120
f 9/252/247 7/253/248 2/59/58
f 1/2/2 196/255/250 195/114/112
f 7/253/248 13/7/7 197/9/9
f 512/1/86 444/3/83 257/2/85
f 443/4/33 511/6/34 449/5/32
f 269/7/29 453/9/28 455/8/26
f 455/8/26 457/11/24 281/10/25
f 457/11/24 459/13/257 287/12/22
f 287/12/22 459/13/257 461/14/21
f 293/15/209 461/14/21 463/16/19
f 463/16/19 465/18/18 305/17/17
f 305/17/17 465/18/18 467/19/16
f 311/20/222 467/19/16 469/21/14
f 469/21/14 471/23/258 323/22/12
f 323/22/12 471/23/258 473/24/11
f 329/25/10 473/24/11 475/26/8
f 335/27/239 475/26/8 477/28/9
f 341/29/7 477/28/9 479/30/59
f 479/30/59 481/32/5 353/31/58
f 481/32/5 483/34/6 359/33/4
f 359/33/4 483/34/6 485/35/56
f 485/35/56 487/37/54 371/36/55
f 371/36/55 487/37/54 489/38/53
f 377/39/52 489/38/53 491/40/51
f 383/41/50 491/40/51 493/42/49
f 493/42/49 495/44/48 395/43/47
f 495/44/48 497/46/46 401/45/45
f 497/47/46 499/49/44 407/48/43
f 407/48/43 499/49/44 501/50/42
f 501/50/42 503/52/40 419/51/41
f 503/52/40 505/54/38 425/53/39
f 425/53/39 505/54/38 507/55/37
f 431/56/36 507/55/37 509/57/35
f 437/58/175 509/57/35 511/6/34
f 258/59/31 449/5/32 450/60/30
f 510/61/84 438/62/81 444/3/83
f 508/63/82 432/64/80 438/62/81
f 506/65/78 426/66/79 432/64/80
f 420/67/77 426/66/79 506/65/78
f 414/68/75 420/67/77 504/69/76
f 500/70/73 408/71/74 414/68/75
f 498/72/71 402/73/72 408/71/74
f 496/74/69 396/76/70 402/75/72
f 390/77/67 396/76/70 496/74/69
f 492/78/68 384/79/66 390/77/67
f 490/80/64 378/81/65 384/79/66
f 372/82/63 378/81/65 490/80/64
f 366/83/61 372/82/63 488/84/62
f 360/85/3 366/83/61 486/86/60
f 354/87/2 360/85/3 484/88/1
f 348/89/113 354/87/2 482/90/250
f 342/91/110 348/89/113 480/92/112
f 336/93/108 342/91/110 478/94/256
f 474/95/109 330/96/106 336/93/108
f 324/97/104 330/96/106 474/95/109
f 470/98/105 318/99/103 324/97/104
f 312/100/102 318/99/103 470/98/105
f 306/101/99 312/100/102 468/102/101
f 464/103/100 300/104/98 306/101/99
f 294/105/97 300/104/98 464/103/100
f 288/106/95 294/105/97 462/107/96
f 282/108/94 288/106/95 460/109/259
f 276/110/91 282/108/94 458/111/93
f 270/112/89 276/110/91 456/113/253
f 451/114/90 264/115/87 270/112/89
f 444/3/83 448/117/176 259/116/180
f 259/116/180 448/117/176 447/118/177
f 447/118/177 446/120/178 261/119/182
f 261/119/182 446/120/178 445/121/179
f 262/122/183 445/121/179 443/4/33
f 438/62/81 442/123/171 448/117/176
f 448/117/176 442/123/171 441/124/172
f 447/118/177 441/124/172 440/125/173
f 446/120/178 440/125/173 439/126/174
f 445/121/179 439/126/174 437/58/175
f 432/64/80 436/127/167 442/123/171
f 442/123/171 436/127/167 435/128/168
f 435/128/168 434/129/169 440/125/173
f 434/129/169 433/130/170 439/126/174
f 433/130/170 431/56/36 437/58/175
f 426/66/79 430/131/163 436/127/167
f 430/131/163 429/132/164 435/128/168
f 435/128/168 429/132/164 428/133/165
f 428/133/165 427/134/166 433/130/170
f 433/130/170 427/134/166 425/53/39
f 420/67/77 424/135/159 430/131/163
f 430/131/163 424/135/159 423/136/160
f 429/132/164 423/136/160 422/137/161
f 428/133/165 422/137/161 421/138/162
f 421/138/162 419/51/41 425/53/39
f 414/68/75 418/139/154 424/135/159
f 424/135/159 418/139/154 417/140/155
f 423/136/160 417/140/155 416/141/156
f 422/137/161 416/141/156 415/142/157
f 421/138/162 415/142/157 413/143/158
f 414/68/75 408/71/74 412/144/150
f 418/139/154 412/144/150 411/145/151
f 417/140/155 411/145/151 410/146/152
f 416/141/156 410/146/152 409/147/153
f 409/147/153 407/48/43 413/143/158
f 408/71/74 402/73/72 406/148/146
f 412/144/150 406/148/146 405/149/147
f 411/145/151 405/149/147 404/150/148
f 410/146/152 404/150/148 403/151/149
f 409/147/153 403/151/149 401/152/45
f 402/75/72 396/76/70 400/153/142
f 400/153/142 399/155/143 405/154/147
f 405/154/147 399/155/143 398/156/144
f 404/157/148 398/156/144 397/158/145
f 397/158/145 395/43/47 401/45/45
f 396/76/70 390/77/67 394/159/137
f 394/159/137 393/160/138 399/155/143
f 399/155/143 393/160/138 392/161/139
f 398/156/144 392/161/139 391/162/140
f 391/162/140 389/163/141 395/43/47
f 390/77/67 384/79/66 388/164/133
f 388/164/133 387/165/134 393/160/138
f 387/165/134 386/166/135 392/161/139
f 386/166/135 385/167/136 391/162/140
f 385/167/136 383/41/50 389/163/141
f 384/79/66 378/81/65 382/168/129
f 388/164/133 382/168/129 381/169/130
f 387/165/134 381/169/130 380/170/131
f 386/166/135 380/170/131 379/171/132
f 379/171/132 377/39/52 383/41/50
f 378/81/65 372/82/63 376/172/125
f 376/172/125 375/173/126 381/169/130
f 375/173/126 374/174/127 380/170/131
f 380/170/131 374/174/127 373/175/128
f 373/175/128 371/36/55 377/39/52
f 372/82/63 366/83/61 370/176/121
f 370/176/121 369/177/122 375/173/126
f 375/173/126 369/177/122 368/178/123
f 374/174/127 368/178/123 367/179/124
f 373/175/128 367/179/124 365/180/57
f 366/83/61 360/85/3 364/181/115
f 370/176/121 364/181/115 363/182/116
f 369/177/122 363/182/116 362/183/118
f 368/178/123 362/183/118 361/184/119
f 367/179/124 361/184/119 359/33/4
f 360/85/3 354/87/2 358/185/114
f 364/181/115 358/185/114 357/186/249
f 363/182/116 357/186/249 356/187/117
f 362/183/118 356/187/117 355/188/120
f 361/184/119 355/188/120 353/31/58
f 348/89/113 352/189/244 358/185/114
f 352/189/244 351/190/245 357/186/249
f 357/186/249 351/190/245 350/191/246
f 356/187/117 350/191/246 349/192/247
f 355/188/120 349/192/247 347/193/248
f 348/89/113 342/91/110 346/194/240
f 352/189/244 346/194/240 345/195/241
f 345/195/241 344/196/242 350/191/246
f 350/191/246 344/196/242 343/197/243
f 349/192/247 343/197/243 341/29/7
f 342/91/110 336/93/108 340/198/235
f 346/194/240 340/198/235 339/199/236
f 345/195/241 339/199/236 338/200/237
f 344/196/242 338/200/237 337/201/238
f 343/197/243 337/201/238 335/27/239
f 330/96/106 334/202/231 340/198/235
f 340/198/235 334/202/231 333/203/232
f 333/203/232 332/204/233 338/200/237
f 338/200/237 332/204/233 331/205/234
f 337/201/238 331/205/234 329/25/10
f 324/97/104 328/206/227 334/202/231
f 328/206/227 327/207/228 333/203/232
f 333/203/232 327/207/228 326/208/229
f 332/204/233 326/208/229 325/209/230
f 331/205/234 325/209/230 323/22/12
f 318/99/103 322/210/223 328/206/227
f 322/210/223 321/211/224 327/207/228
f 321/211/224 320/212/225 326/208/229
f 320/212/225 319/213/226 325/209/230
f 325/209/230 319/213/226 317/214/15
f 318/99/103 312/100/102 316/215/218
f 322/210/223 316/215/218 315/216/219
f 315/216/219 314/217/220 320/212/225
f 320/212/225 314/217/220 313/218/221
f 313/218/221 311/20/222 317/214/15
f 306/101/99 310/219/214 316/215/218
f 316/215/218 310/219/214 309/220/215
f 315/216/219 309/220/215 308/221/216
f 314/217/220 308/221/216 307/222/217
f 307/222/217 305/17/17 311/20/222
f 300/104/98 304/223/210 310/219/214
f 304/223/210 303/224/211 309/220/215
f 309/220/215 303/224/211 302/225/212
f 308/221/216 302/225/212 301/226/213
f 307/222/217 301/226/213 299/227/20
f 300/104/98 294/105/97 298/228/205
f 304/223/210 298/228/205 297/229/206
f 297/229/206 296/230/207 302/225/212
f 296/230/207 295/231/208 301/226/213
f 301/226/213 295/231/208 293/15/209
f 288/106/95 292/232/201 298/228/205
f 298/228/205 292/232/201 291/233/202
f 297/229/206 291/233/202 290/234/203
f 296/230/207 290/234/203 289/235/204
f 295/231/208 289/235/204 287/12/22
f 282/108/94 286/236/197 292/232/201
f 292/232/201 286/236/197 285/237/198
f 291/233/202 285/237/198 284/238/199
f 290/234/203 284/238/199 283/239/200
f 283/239/200 281/10/25 287/12/22
f 276/110/91 280/240/193 286/236/197
f 280/240/193 279/241/194 285/237/198
f 285/237/198 279/241/194 278/242/195
f 284/238/199 278/242/195 277/243/196
f 283/239/200 277/243/196 275/244/27
f 276/110/91 270/112/89 274/245/189
f 280/240/193 274/245/189 273/246/190
f 279/241/194 273/246/190 272/247/191
f 278/242/195 272/247/191 271/248/192
f 277/243/196 271/248/192 269/7/29
f 270/112/89 264/115/87 268/249/184
f 274/245/189 268/249/184 267/250/185
f 273/246/190 267/250/185 266/251/186
f 272/247/191 266/251/186 265/252/187
f 271/248/192 265/252/187 263/253/188
f 264/115/87 257/2/85 259/116/180
f 268/249/184 259/116/180 260/254/181
f 267/250/185 260/254/181 261/119/182
f 266/251/186 261/119/182 262/122/183
f 265/252/187 262/122/183 258/59/31
f 257/2/85 264/115/87 451/114/90
f 263/253/188 450/60/30 453/9/28
f 512/1/86 257/2/85 452/255/88
f 443/4/33 449/5/32 258/59/31
f 269/7/29 455/8/26 275/244/27
f 455/8/26 281/10/25 275/244/27
f 457/11/24 287/12/22 281/10/25
f 287/12/22 461/14/21 293/15/209
f 293/15/209 463/16/19 299/227/20
f 463/16/19 305/17/17 299/227/20
f 305/17/17 467/19/16 311/20/222
f 311/20/222 469/21/14 317/214/15
f 469/21/14 323/22/12 317/214/15
f 323/22/12 473/24/11 329/25/10
f 329/25/10 475/26/8 335/27/239
f 335/27/239 477/28/9 341/29/7
f 341/29/7 479/30/59 347/193/248
f 479/30/59 353/31/58 347/193/248
f 481/32/5 359/33/4 353/31/58
f 359/33/4 485/35/56 365/180/57
f 485/35/56 371/36/55 365/180/57
f 371/36/55 489/38/53 377/39/52
f 377/39/52 491/40/51 383/41/50
f 383/41/50 493/42/49 389/163/141
f 493/42/49 395/43/47 389/163/141
f 495/44/48 401/45/45 395/43/47
f 497/47/46 407/48/43 401/152/45
f 407/48/43 501/50/42 413/143/158
f 501/50/42 419/51/41 413/143/158
f 503/52/40 425/53/39 419/51/41
f 425/53/39 507/55/37 431/56/36
f 431/56/36 509/57/35 437/58/175
f 437/58/175 511/6/34 443/4/33
f 258/59/31 450/60/30 263/253/188
f 510/61/84 444/3/83 512/1/86
f 508/63/82 438/62/81 510/61/84
f 506/65/78 432/64/80 508/63/82
f 420/67/77 506/65/78 504/69/76
f 414/68/75 504/69/76 502/256/252
f 500/70/73 414/68/75 502/256/252
f 498/72/71 408/71/74 500/70/73
f 496/74/69 402/75/72 498/257/71
f 390/77/67 496/74/69 494/258/251
f 492/78/68 390/77/67 494/258/251
f 490/80/64 384/79/66 492/78/68
f 372/82/63 490/80/64 488/84/62
f 366/83/61 488/84/62 486/86/60
f 360/85/3 486/86/60 484/88/1
f 354/87/2 484/88/1 482/90/250
f 348/89/113 482/90/250 480/92/112
f 342/91/110 480/92/112 478/94/256
f 336/93/108 478/94/256 476/259/111
f 474/95/109 336/93/108 476/259/111
f 324/97/104 474/95/109 472/260/260
f 470/98/105 324/97/104 472/260/260
f 312/100/102 470/98/105 468/102/101
f 306/101/99 468/102/101 466/261/255
f 464/103/100 306/101/99 466/261/255
f 294/105/97 464/103/100 462/107/96
f 288/106/95 462/107/96 460/109/259
f 282/108/94 460/109/259 458/111/93
f 276/110/91 458/111/93 456/113/253
f 270/112/89 456/113/253 454/262/92
f 451/114/90 270/112/89 454/262/92
f 444/3/83 259/116/180 257/2/85
f 259/116/180 447/118/177 260/254/181
f 447/118/177 261/119/182 260/254/181
f 261/119/182 445/121/179 262/122/183
f 262/122/183 443/4/33 258/59/31
f 438/62/81 448/117/176 444/3/83
f 448/117/176 441/124/172 447/118/177
f 447/118/177 440/125/173 446/120/178
f 446/120/178 439/126/174 445/121/179
f 445/121/179 437/58/175 443/4/33
f 432/64/80 442/123/171 438/62/81
f 442/123/171 435/128/168 441/124/172
f 435/128/168 440/125/173 441/124/172
f 434/129/169 439/126/174 440/125/173
f 433/130/170 437/58/175 439/126/174
f 426/66/79 436/127/167 432/64/80
f 430/131/163 435/128/168 436/127/167
f 435/128/168 428/133/165 434/129/169
f 428/133/165 433/130/170 434/129/169
f 433/130/170 425/53/39 431/56/36
f 420/67/77 430/131/163 426/66/79
f 430/131/163 423/136/160 429/132/164
f 429/132/164 422/137/161 428/133/165
f 428/133/165 421/138/162 427/134/166
f 421/138/162 425/53/39 427/134/166
f 414/68/75 424/135/159 420/67/77
f 424/135/159 417/140/155 423/136/160
f 423/136/160 416/141/156 422/137/161
f 422/137/161 415/142/157 421/138/162
f 421/138/162 413/143/158 419/51/41
f 414/68/75 412/144/150 418/139/154
f 418/139/154 411/145/151 417/140/155
f 417/140/155 410/146/152 416/141/156
f 416/141/156 409/147/153 415/142/157
f 409/147/153 413/143/158 415/142/157
f 408/71/74 406/148/146 412/144/150
f 412/144/150 405/149/147 411/145/151
f 411/145/151 404/150/148 410/146/152
f 410/146/152 403/151/149 409/147/153
f 409/147/153 401/152/45 407/48/43
f 402/75/72 400/153/142 406/263/146
f 400/153/142 405/154/147 406/263/146
f 405/154/147 398/156/144 404/157/148
f 404/157/148 397/158/145 403/264/149
f 397/158/145 401/45/45 403/264/149
f 396/76/70 394/159/137 400/153/142
f 394/159/137 399/155/143 400/153/142
f 399/155/143 392/161/139 398/156/144
f 398/156/144 391/162/140 397/158/145
f 391/162/140 395/43/47 397/158/145
f 390/77/67 388/164/133 394/159/137
f 388/164/133 393/160/138 394/159/137
f 387/165/134 392/161/139 393/160/138
f 386/166/135 391/162/140 392/161/139
f 385/167/136 389/163/141 391/162/140
f 384/79/66 382/168/129 388/164/133
f 388/164/133 381/169/130 387/165/134
f 387/165/134 380/170/131 386/166/135
f 386/166/135 379/171/132 385/167/136
f 379/171/132 383/41/50 385/167/136
f 378/81/65 376/172/125 382/168/129
f 376/172/125 381/169/130 382/168/129
f 375/173/126 380/170/131 381/169/130
f 380/170/131 373/175/128 379/171/132
f 373/175/128 377/39/52 379/171/132
f 372/82/63 370/176/121 376/172/125
f 370/176/121 375/173/126 376/172/125
f 375/173/126 368/178/123 374/174/127
f 374/174/127 367/179/124 373/175/128
f 373/175/128 365/180/57 371/36/55
f 366/83/61 364/181/115 370/176/121
f 370/176/121 363/182/116 369/177/122
f 369/177/122 362/183/118 368/178/123
f 368/178/123 361/184/119 367/179/124
f 367/179/124 359/33/4 365/180/57
f 360/85/3 358/185/114 364/181/115
f 364/181/115 357/186/249 363/182/116
f 363/182/116 356/187/117 362/183/118
f 362/183/118 355/188/120 361/184/119
f 361/184/119 353/31/58 359/33/4
f 348/89/113 358/185/114 354/87/2
f 352/189/244 357/186/249 358/185/114
f 357/186/249 350/191/246 356/187/117
f 356/187/117 349/192/247 355/188/120
f 355/188/120 347/193/248 353/31/58
f 348/89/113 346/194/240 352/189/244
f 352/189/244 345/195/241 351/190/245
f 345/195/241 350/191/246 351/190/245
f 350/191/246 343/197/243 349/192/247
f 349/192/247 341/29/7 347/193/248
f 342/91/110 340/198/235 346/194/240
f 346/194/240 339/199/236 345/195/241
f 345/195/241 338/200/237 344/196/242
f 344/196/242 337/201/238 343/197/243
f 343/197/243 335/27/239 341/29/7
f 330/96/106 340/198/235 336/93/108
f 340/198/235 333/203/232 339/199/236
f 333/203/232 338/200/237 339/199/236
f 338/200/237 331/205/234 337/201/238
f 337/201/238 329/25/10 335/27/239
f 324/97/104 334/202/231 330/96/106
f 328/206/227 333/203/232 334/202/231
f 333/203/232 326/208/229 332/204/233
f 332/204/233 325/209/230 331/205/234
f 331/205/234 323/22/12 329/25/10
f 318/99/103 328/206/227 324/97/104
f 322/210/223 327/207/228 328/206/227
f 321/211/224 326/208/229 327/207/228
f 320/212/225 325/209/230 326/208/229
f 325/209/230 317/214/15 323/22/12
f 318/99/103 316/215/218 322/210/223
f 322/210/223 315/216/219 321/211/224
f 315/216/219 320/212/225 321/211/224
f 320/212/225 313/218/221 319/213/226
f 313/218/221 317/214/15 319/213/226
f 306/101/99 316/215/218 312/100/102
f 316/215/218 309/220/215 315/216/219
f 315/216/219 308/221/216 314/217/220
f 314/217/220 307/222/217 313/218/221
f 307/222/217 311/20/222 313/218/221
f 300/104/98 310/219/214 306/101/99
f 304/223/210 309/220/215 310/219/214
f 309/220/215 302/225/212 308/221/216
f 308/221/216 301/226/213 307/222/217
f 307/222/217 299/227/20 305/17/17
f 300/104/98 298/228/205 304/223/210
f 304/223/210 297/229/206 303/224/211
f 297/229/206 302/225/212 303/224/211
f 296/230/207 301/226/213 302/225/212
f 301/226/213 293/15/209 299/227/20
f 288/106/95 298/228/205 294/105/97
f 298/228/205 291/233/202 297/229/206
f 297/229/206 290/234/203 296/230/207
f 296/230/207 289/235/204 295/231/208
f 295/231/208 287/12/22 293/15/209
f 282/108/94 292/232/201 288/106/95
f 292/232/201 285/237/198 291/233/202
f 291/233/202 284/238/199 290/234/203
f 290/234/203 283/239/200 289/235/204
f 283/239/200 287/12/22 289/235/204
f 276/110/91 286/236/197 282/108/94
f 280/240/193 285/237/198 286/236/197
f 285/237/198 278/242/195 284/238/199
f 284/238/199 277/243/196 283/239/200
f 283/239/200 275/244/27 281/10/25
f 276/110/91 274/245/189 280/240/193
f 280/240/193 273/246/190 279/241/194
f 279/241/194 272/247/191 278/242/195
f 278/242/195 271/248/192 277/243/196
f 277/243/196 269/7/29 275/244/27
f 270/112/89 268/249/184 274/245/189
f 274/245/189 267/250/185 273/246/190
f 273/246/190 266/251/186 272/247/191
f 272/247/191 265/252/187 271/248/192
f 271/248/192 263/253/188 269/7/29
f 264/115/87 259/116/180 268/249/184
f 268/249/184 260/254/181 267/250/185
f 267/250/185 261/119/182 266/251/186
f 266/251/186 262/122/183 265/252/187
f 265/252/187 258/59/31 263/253/188
f 257/2/85 451/114/90 452/255/88
f 263/253/188 453/9/28 269/7/29
f 515/265/261 516/266/261 513/267/261
f 517/268/262 518/269/262 514/270/262
f 516/266/261 519/271/261 513/267/261
f 520/272/262 517/268/262 514/270/262
f 519/271/261 521/273/261 513/267/261
f 522/274/262 520/272/262 514/270/262
f 521/273/261 523/275/261 513/267/261
f 524/276/262 522/274/262 514/270/262
f 523/275/261 525/277/261 513/267/261
f 526/278/262 524/276/262 514/270/262
f 525/277/261 527/279/261 513/267/261
f 528/280/262 526/278/262 514/270/262
f 527/279/261 529/281/261 513/267/261
f 530/282/262 528/280/262 514/270/262
f 529/281/261 531/283/261 513/267/261
f 532/284/262 530/282/262 514/270/262
f 531/283/261 533/285/261 513/267/261
f 534/286/262 532/284/262 514/270/262
f 533/285/261 535/287/261 513/267/261
f 536/288/262 534/286/262 514/270/262
f 535/287/261 537/289/261 513/267/261
f 538/290/262 536/288/262 514/270/262
f 537/289/261 539/291/261 513/267/261
f 540/292/262 538/290/262 514/270/262
f 539/291/261 541/293/261 513/267/261
f 542/294/262 540/292/262 514/270/262
f 541/293/261 543/295/261 513/267/261
f 544/296/262 542/294/262 514/270/262
f 543/295/261 545/297/261 513/267/261
f 546/298/262 544/296/262 514/270/262
f 545/297/261 547/299/261 513/267/261
f 548/300/262 546/298/262 514/270/262
f 547/299/261 549/301/261 513/267/261
f 550/302/262 548/300/262 514/270/262
f 549/301/261 551/303/261 513/267/261
f 552/304/262 550/302/262 514/270/262
f 551/303/261 553/305/261 513/267/261
f 554/306/262 552/304/262 514/270/262
f 553/305/261 555/307/261 513/267/261
f 556/308/262 554/306/262 514/270/262
f 555/307/261 557/309/261 513/267/261
f 558/310/262 556/308/262 514/270/262
f 557/309/261 559/311/261 513/267/261
f 560/312/262 558/310/262 514/270/262
f 559/311/261 561/313/261 513/267/261
f 562/314/262 560/312/262 514/270/262
f 561/313/261 563/315/261 513/267/261
f 564/316/262 562/314/262 514/270/262
f 563/315/261 565/317/261 513/267/261
f 566/318/262 564/316/262 514/270/262
f 565/317/261 567/319/261 513/267/261
f 568/320/262 566/318/262 514/270/262
f 567/319/261 569/321/261 513/267/261
f 570/322/262 568/320/262 514/270/262
f 569/321/261 571/323/261 513/267/261
f 572/324/262 570/322/262 514/270/262
f 571/323/261 573/325/261 513/267/261
f 574/326/262 572/324/262 514/270/262
f 573/325/261 575/327/261 513/267/261
f 576/328/262 574/326/262 514/270/262
f 575/327/261 577/329/261 513/267/261
f 578/330/262 576/328/262 514/270/262
f 577/329/261 515/265/261 513/267/261
f 518/269/262 578/330/262 514/270/262
f 577/331/263 576/332/264 578/333/263
f 575/334/264 574/335/265 576/332/264
f 573/336/265 572/337/266 574/335/265
f 571/338/266 570/339/267 572/337/266
f 569/340/267 568/341/268 570/339/267
f 567/342/268 566/343/269 568/341/268
f 565/344/269 564/345/270 566/343/269
f 563/346/270 562/347/271 564/345/270
f 561/348/271 560/349/272 562/347/271
f 559/350/272 558/351/273 560/349/272
f 557/352/273 556/353/274 558/351/273
f 555/354/274 554/355/275 556/353/274
f 553/356/275 552/357/276 554/355/275
f 551/358/276 550/359/277 552/357/276
f 549/360/277 548/361/278 550/359/277
f 547/362/278 546/363/279 548/361/278
f 545/364/279 544/365/280 546/363/279
f 543/366/280 542/367/281 544/365/280
f 541/368/281 540/369/282 542/367/281
f 539/370/282 538/371/283 540/369/282
f 537/372/283 536/373/284 538/371/283
f 535/374/284 534/375/285 536/373/284
f 533/376/285 532/377/286 534/375/285
f 531/378/286 530/379/287 532/380/286
f 529/381/287 528/382/288 530/379/287
f 527/383/288 526/384/289 528/382/288
f 525/385/289 524/386/290 526/384/289
f 523/387/290 522/388/291 524/386/290
f 521/389/291 520/390/292 522/388/291
f 519/391/292 517/392/293 520/390/292
f 516/393/293 518/394/294 517/392/293
f 518/394/294 577/331/263 578/333/263
f 577/331/263 575/334/264 576/332/264
f 575/334/264 573/336/265 574/335/265
f 573/336/265 571/338/266 572/337/266
f 571/338/266 569/340/267 570/339/267
f 569/340/267 567/342/268 568/341/268
f 567/342/268 565/344/269 566/343/269
f 565/344/269 563/346/270 564/345/270
f 563/346/270 561/348/271 562/347/271
f 561/348/271 559/350/272 560/349/272
f 559/350/272 557/352/273 558/351/273
f 557/352/273 555/354/274 556/353/274
f 555/354/274 553/356/275 554/355/275
f 553/356/275 551/358/276 552/357/276
f 551/358/276 549/360/277 550/359/277
f 549/360/277 547/362/278 548/361/278
f 547/362/278 545/364/279 546/363/279
f 545/364/279 543/366/280 544/365/280
f 543/366/280 541/368/281 542/367/281
f 541/368/281 539/370/282 540/369/282
f 539/370/282 537/372/283 538/371/283
f 537/372/283 535/374/284 536/373/284
f 535/374/284 533/376/285 534/375/285
f 533/376/285 531/395/286 532/377/286
f 531/378/286 529/381/287 530/379/287
f 529/381/287 527/383/288 528/382/288
f 527/383/288 525/385/289 526/384/289
f 525/385/289 523/387/290 524/386/290
f 523/387/290 521/389/291 522/388/291
f 521/389/291 519/391/292 520/390/292
f 519/391/292 516/393/293 517/392/293
f 516/393/293 515/396/294 518/394/294
f 518/394/294 515/396/294 577/331/263
f 706/397/295 580/398/296 705/399/297
f 705/399/297 581/400/298 704/401/299
f 581/400/298 703/402/300 704/401/299
f 769/403/301 579/404/302 708/405/303
f 707/406/304 579/404/302 706/397/295
f 706/397/295 701/407/305 702/408/306
f 705/399/297 700/409/307 701/407/305
f 704/401/299 699/410/308 700/409/307
f 582/411/309 710/412/310 703/402/300
f 707/406/304 702/408/306 711/413/311
f 698/414/312 701/407/305 697/415/313
f 701/407/305 696/416/314 697/415/313
f 696/416/314 699/410/308 695/417/315
f 703/402/300 712/418/316 699/410/308
f 711/413/311 698/414/312 713/419/317
f 694/420/318 697/415/313 693/421/319
f 697/415/313 692/422/320 693/421/319
f 696/416/314 691/423/321 692/422/320
f 699/410/308 714/424/322 695/417/315
f 715/425/323 698/414/312 694/420/318
f 694/420/318 689/426/324 690/427/325
f 693/421/319 688/428/326 689/426/324
f 692/422/320 687/429/327 688/428/326
f 691/423/321 714/424/322 716/430/328
f 715/425/323 690/427/325 717/431/329
f 690/427/325 685/432/330 686/433/331
f 689/426/324 684/434/332 685/432/330
f 688/428/326 683/435/333 684/434/332
f 691/423/321 718/436/334 687/429/327
f 717/431/329 686/433/331 719/437/335
f 686/433/331 681/438/336 682/439/337
f 685/432/330 680/440/338 681/438/336
f 680/440/338 683/435/333 679/441/339
f 687/429/327 720/442/340 683/435/333
f 721/443/341 686/433/331 682/439/337
f 682/439/337 677/444/342 678/445/343
f 681/438/336 676/446/344 677/444/342
f 680/440/338 675/447/345 676/446/344
f 683/435/333 722/448/346 679/441/339
f 721/443/341 678/445/343 723/449/347
f 678/450/343 673/451/348 674/452/349
f 677/453/342 672/454/350 673/451/348
f 676/455/344 671/456/351 672/454/350
f 679/441/339 724/457/352 675/447/345
f 725/458/353 678/450/343 674/452/349
f 674/452/349 669/459/354 670/460/355
f 673/451/348 668/461/356 669/459/354
f 668/461/356 671/456/351 667/462/357
f 675/463/345 726/464/358 671/456/351
f 725/458/353 670/460/355 727/465/359
f 670/460/355 665/466/360 666/467/361
f 665/466/360 668/461/356 664/468/362
f 668/461/356 663/469/363 664/468/362
f 667/462/357 726/464/358 728/470/364
f 727/465/359 666/467/361 729/471/365
f 662/472/366 665/466/360 661/473/367
f 665/466/360 660/474/368 661/473/367
f 660/474/368 663/469/363 659/475/369
f 663/469/363 728/470/364 730/476/370
f 731/477/371 666/467/361 662/472/366
f 662/472/366 657/478/372 658/479/373
f 657/478/372 660/474/368 656/480/374
f 660/474/368 655/481/375 656/480/374
f 663/469/363 732/482/376 659/475/369
f 733/483/377 662/472/366 658/479/373
f 658/479/373 653/484/378 654/485/379
f 657/478/372 652/486/380 653/484/378
f 656/480/374 651/487/381 652/486/380
f 655/481/375 732/482/376 734/488/382
f 733/483/377 654/485/379 735/489/383
f 650/490/384 653/484/378 649/491/385
f 653/484/378 648/492/386 649/491/385
f 648/492/386 651/487/381 647/493/387
f 651/487/381 734/488/382 736/494/388
f 735/489/383 650/490/384 737/495/389
f 650/490/384 645/496/390 646/497/391
f 645/496/390 648/492/386 644/498/392
f 648/492/386 643/499/393 644/498/392
f 651/487/381 738/500/394 647/493/387
f 737/495/389 646/497/391 739/501/395
f 642/502/396 645/496/390 641/503/397
f 645/496/390 640/504/398 641/503/397
f 644/498/392 639/505/399 640/504/398
f 647/493/387 740/506/400 643/499/393
f 741/507/401 646/497/391 642/502/396
f 642/502/396 637/508/402 638/509/403
f 637/508/402 640/504/398 636/510/404
f 636/510/404 639/505/399 635/511/405
f 639/505/399 740/506/400 742/512/406
f 741/507/401 638/509/403 743/513/407
f 638/509/403 633/514/408 634/515/409
f 637/508/402 632/516/410 633/514/408
f 636/510/404 631/517/411 632/516/410
f 639/505/399 744/518/412 635/511/405
f 743/513/407 634/515/409 745/519/413
f 634/515/409 629/520/414 630/521/415
f 629/520/414 632/516/410 628/522/416
f 628/522/416 631/517/411 627/523/417
f 635/511/405 746/524/418 631/517/411
f 745/519/413 630/521/415 747/525/419
f 630/521/415 625/526/420 626/527/421
f 625/526/420 628/522/416 624/528/422
f 628/522/416 623/529/423 624/528/422
f 627/523/417 746/524/418 748/530/424
f 749/531/425 630/521/415 626/527/421
f 622/532/426 625/526/420 621/533/427
f 621/533/427 624/528/422 620/534/428
f 624/528/422 619/535/429 620/534/428
f 623/529/423 748/530/424 750/536/430
f 751/537/431 626/527/421 622/532/426
f 622/532/426 617/538/432 618/539/433
f 621/533/427 616/540/434 617/538/432
f 620/534/428 615/541/435 616/540/434
f 623/529/423 752/542/436 619/535/429
f 751/537/431 618/539/433 753/543/437
f 618/539/433 613/544/438 614/545/439
f 617/538/432 612/546/440 613/544/438
f 616/540/434 611/547/441 612/546/440
f 619/535/429 754/548/442 615/541/435
f 753/543/437 614/545/439 755/549/443
f 610/550/444 613/544/438 609/551/445
f 613/544/438 608/552/446 609/551/445
f 612/546/440 607/553/447 608/552/446
f 615/541/435 756/554/448 611/547/441
f 757/555/449 614/545/439 610/550/444
f 610/550/444 605/556/450 606/557/451
f 605/556/450 608/552/446 604/558/452
f 604/558/452 607/553/447 603/559/453
f 607/553/447 756/554/448 758/560/454
f 757/555/449 606/557/451 759/561/455
f 606/557/451 601/562/456 602/563/457
f 605/556/450 600/564/458 601/562/456
f 604/558/452 599/565/459 600/564/458
f 603/559/453 758/560/454 760/566/460
f 759/561/455 602/563/457 761/567/461
f 598/568/462 601/562/456 597/569/463
f 601/562/456 596/570/464 597/569/463
f 600/564/458 595/571/465 596/570/464
f 603/559/453 762/572/466 599/565/459
f 761/567/461 598/568/462 763/573/467
f 598/568/462 593/574/468 594/575/469
f 597/569/463 592/576/470 593/574/468
f 596/570/464 591/577/471 592/576/470
f 599/565/459 764/578/472 595/571/465
f 763/573/467 594/575/469 765/579/473
f 594/575/469 589/580/474 590/581/475
f 593/574/468 588/582/476 589/580/474
f 592/576/470 587/583/477 588/582/476
f 595/571/465 766/584/478 591/577/471
f 765/579/473 590/581/475 767/585/479
f 590/581/475 585/586/480 586/587/481
f 589/580/474 584/588/482 585/586/480
f 588/582/476 583/589/483 584/588/482
f 591/577/471 768/590/484 587/583/477
f 767/585/479 586/587/481 769/403/301
f 586/587/481 580/398/296 579/404/302
f 585/586/480 581/400/298 580/398/296
f 584/588/482 582/411/309 581/400/298
f 587/583/477 770/591/485 583/589/483
f 583/589/483 709/592/486 582/411/309
f 706/397/295 579/404/302 580/398/296
f 705/399/297 580/398/296 581/400/298
f 581/400/298 582/411/309 703/402/300
f 769/403/301 586/587/481 579/404/302
f 707/406/304 708/405/303 579/404/302
f 706/397/295 705/399/297 701/407/305
f 705/399/297 704/401/299 700/409/307
f 704/401/299 703/402/300 699/410/308
f 582/411/309 709/592/486 710/412/310
f 707/406/304 706/397/295 702/408/306
f 698/414/312 702/408/306 701/407/305
f 701/407/305 700/409/307 696/416/314
f 696/416/314 700/409/307 699/410/308
f 703/402/300 710/412/310 712/418/316
f 711/413/311 702/408/306 698/414/312
f 694/420/318 698/414/312 697/415/313
f 697/415/313 696/416/314 692/422/320
f 696/416/314 695/417/315 691/423/321
f 699/410/308 712/418/316 714/424/322
f 715/425/323 713/419/317 698/414/312
f 694/420/318 693/421/319 689/426/324
f 693/421/319 692/422/320 688/428/326
f 692/422/320 691/423/321 687/429/327
f 691/423/321 695/417/315 714/424/322
f 715/425/323 694/420/318 690/427/325
f 690/427/325 689/426/324 685/432/330
f 689/426/324 688/428/326 684/434/332
f 688/428/326 687/429/327 683/435/333
f 691/423/321 716/430/328 718/436/334
f 717/431/329 690/427/325 686/433/331
f 686/433/331 685/432/330 681/438/336
f 685/432/330 684/434/332 680/440/338
f 680/440/338 684/434/332 683/435/333
f 687/429/327 718/436/334 720/442/340
f 721/443/341 719/437/335 686/433/331
f 682/439/337 681/438/336 677/444/342
f 681/438/336 680/440/338 676/446/344
f 680/440/338 679/441/339 675/447/345
f 683/435/333 720/442/340 722/448/346
f 721/443/341 682/439/337 678/445/343
f 678/450/343 677/453/342 673/451/348
f 677/453/342 676/455/344 672/454/350
f 676/455/344 675/463/345 671/456/351
f 679/441/339 722/448/346 724/457/352
f 725/458/353 723/593/347 678/450/343
f 674/452/349 673/451/348 669/459/354
f 673/451/348 672/454/350 668/461/356
f 668/461/356 672/454/350 671/456/351
f 675/463/345 724/594/352 726/464/358
f 725/458/353 674/452/349 670/460/355
f 670/460/355 669/459/354 665/466/360
f 665/466/360 669/459/354 668/461/356
f 668/461/356 667/462/357 663/469/363
f 667/462/357 671/456/351 726/464/358
f 727/465/359 670/460/355 666/467/361
f 662/472/366 666/467/361 665/466/360
f 665/466/360 664/468/362 660/474/368
f 660/474/368 664/468/362 663/469/363
f 663/469/363 667/462/357 728/470/364
f 731/477/371 729/471/365 666/467/361
f 662/472/366 661/473/367 657/478/372
f 657/478/372 661/473/367 660/474/368
f 660/474/368 659/475/369 655/481/375
f 663/469/363 730/476/370 732/482/376
f 733/483/377 731/477/371 662/472/366
f 658/479/373 657/478/372 653/484/378
f 657/478/372 656/480/374 652/486/380
f 656/480/374 655/481/375 651/487/381
f 655/481/375 659/475/369 732/482/376
f 733/483/377 658/479/373 654/485/379
f 650/490/384 654/485/379 653/484/378
f 653/484/378 652/486/380 648/492/386
f 648/492/386 652/486/380 651/487/381
f 651/487/381 655/481/375 734/488/382
f 735/489/383 654/485/379 650/490/384
f 650/490/384 649/491/385 645/496/390
f 645/496/390 649/491/385 648/492/386
f 648/492/386 647/493/387 643/499/393
f 651/487/381 736/494/388 738/500/394
f 737/495/389 650/490/384 646/497/391
f 642/502/396 646/497/391 645/496/390
f 645/496/390 644/498/392 640/504/398
f 644/498/392 643/499/393 639/505/399
f 647/493/387 738/500/394 740/506/400
f 741/507/401 739/501/395 646/497/391
f 642/502/396 641/503/397 637/508/402
f 637/508/402 641/503/397 640/504/398
f 636/510/404 640/504/398 639/505/399
f 639/505/399 643/499/393 740/506/400
f 741/507/401 642/502/396 638/509/403
f 638/509/403 637/508/402 633/514/408
f 637/508/402 636/510/404 632/516/410
f 636/510/404 635/511/405 631/517/411
f 639/505/399 742/512/406 744/518/412
f 743/513/407 638/509/403 634/515/409
f 634/515/409 633/514/408 629/520/414
f 629/520/414 633/514/408 632/516/410
f 628/522/416 632/516/410 631/517/411
f 635/511/405 744/518/412 746/524/418
f 745/519/413 634/515/409 630/521/415
f 630/521/415 629/520/414 625/526/420
f 625/526/420 629/520/414 628/522/416
f 628/522/416 627/523/417 623/529/423
f 627/523/417 631/517/411 746/524/418
f 749/531/425 747/525/419 630/521/415
f 622/532/426 626/527/421 625/526/420
f 621/533/427 625/526/420 624/528/422
f 624/528/422 623/529/423 619/535/429
f 623/529/423 627/523/417 748/530/424
f 751/537/431 749/531/425 626/527/421
f 622/532/426 621/533/427 617/538/432
f 621/533/427 620/534/428 616/540/434
f 620/534/428 619/535/429 615/541/435
f 623/529/423 750/536/430 752/542/436
f 751/537/431 622/532/426 618/539/433
f 618/539/433 617/538/432 613/544/438
f 617/538/432 616/540/434 612/546/440
f 616/540/434 615/541/435 611/547/441
f 619/535/429 752/542/436 754/548/442
f 753/543/437 618/539/433 614/545/439
f 610/550/444 614/545/439 613/544/438
f 613/544/438 612/546/440 608/552/446
f 612/546/440 611/547/441 607/553/447
f 615/541/435 754/548/442 756/554/448
f 757/555/449 755/549/443 614/545/439
f 610/550/444 609/551/445 605/556/450
f 605/556/450 609/551/445 608/552/446
f 604/558/452 608/552/446 607/553/447
f 607/553/447 611/547/441 756/554/448
f 757/555/449 610/550/444 606/557/451
f 606/557/451 605/556/450 601/562/456
f 605/556/450 604/558/452 600/564/458
f 604/558/452 603/559/453 599/565/459
f 603/559/453 607/553/447 758/560/454
f 759/561/455 606/557/451 602/563/457
f 598/568/462 602/563/457 601/562/456
f 601/562/456 600/564/458 596/570/464
f 600/564/458 599/565/459 595/571/465
f 603/559/453 760/566/460 762/572/466
f 761/567/461 602/563/457 598/568/462
f 598/568/462 597/569/463 593/574/468
f 597/569/463 596/570/464 592/576/470
f 596/570/464 595/571/465 591/577/471
f 599/565/459 762/572/466 764/578/472
f 763/573/467 598/568/462 594/575/469
f 594/575/469 593/574/468 589/580/474
f 593/574/468 592/576/470 588/582/476
f 592/576/470 591/577/471 587/583/477
f 595/571/465 764/578/472 766/584/478
f 765/579/473 594/575/469 590/581/475
f 590/581/475 589/580/474 585/586/480
f 589/580/474 588/582/476 584/588/482
f 588/582/476 587/583/477 583/589/483
f 591/577/471 766/584/478 768/590/484
f 767/585/479 590/581/475 586/587/481
f 586/587/481 585/586/480 580/398/296
f 585/586/480 584/588/482 581/400/298
f 584/588/482 583/589/483 582/411/309
f 587/583/477 768/590/484 770/591/485
f 583/589/483 770/591/485 709/592/486
f 898/397/384 897/399/385 772/398/390
f 897/399/385 896/401/386 773/400/392
f 773/400/392 896/401/386 895/402/387
f 961/403/401 900/405/395 771/404/391
f 899/406/389 898/397/384 771/404/391
f 898/397/384 894/408/379 893/407/378
f 897/399/385 893/407/378 892/409/380
f 896/401/386 892/409/380 891/410/381
f 774/411/393 895/402/387 902/412/394
f 899/406/389 903/413/383 894/408/379
f 890/414/373 889/415/372 893/407/378
f 893/407/378 889/415/372 888/416/374
f 888/416/374 887/417/375 891/410/381
f 895/402/387 891/410/381 904/418/388
f 903/413/383 905/419/377 890/414/373
f 886/420/366 885/421/367 889/415/372
f 889/415/372 885/421/367 884/422/368
f 888/416/374 884/422/368 883/423/369
f 891/410/381 887/417/375 906/424/382
f 907/425/371 886/420/366 890/414/373
f 886/420/366 882/427/361 881/426/360
f 885/421/367 881/426/360 880/428/362
f 884/422/368 880/428/362 879/429/363
f 883/423/369 908/430/376 906/424/382
f 907/425/371 909/431/365 882/427/361
f 882/427/361 878/433/355 877/432/354
f 881/426/360 877/432/354 876/434/356
f 880/428/362 876/434/356 875/435/357
f 883/423/369 879/429/363 910/436/370
f 909/431/365 911/437/359 878/433/355
f 878/433/355 874/439/349 873/438/348
f 877/432/354 873/438/348 872/440/350
f 872/440/350 871/441/351 875/435/357
f 879/429/363 875/435/357 912/442/364
f 913/443/353 874/439/349 878/433/355
f 874/439/349 870/445/343 869/444/342
f 873/438/348 869/444/342 868/446/344
f 872/440/350 868/446/344 867/447/345
f 875/435/357 871/441/351 914/448/358
f 913/443/353 915/449/347 870/445/343
f 870/450/343 866/452/337 865/451/336
f 869/453/342 865/451/336 864/454/338
f 868/455/344 864/454/338 863/456/339
f 871/441/351 867/447/345 916/457/352
f 917/458/341 866/452/337 870/450/343
f 866/452/337 862/460/331 861/459/330
f 865/451/336 861/459/330 860/461/332
f 860/461/332 859/462/333 863/456/339
f 867/463/345 863/456/339 918/464/346
f 917/458/341 919/465/335 862/460/331
f 862/460/331 858/467/325 857/466/324
f 857/466/324 856/468/326 860/461/332
f 860/461/332 856/468/326 855/469/327
f 859/462/333 920/470/340 918/464/346
f 919/465/335 921/471/329 858/467/325
f 854/472/318 853/473/319 857/466/324
f 857/466/324 853/473/319 852/474/320
f 852/474/320 851/475/321 855/469/327
f 855/469/327 922/476/334 920/470/340
f 923/477/323 854/472/318 858/467/325
f 854/472/318 850/479/312 849/478/313
f 849/478/313 848/480/314 852/474/320
f 852/474/320 848/480/314 847/481/315
f 855/469/327 851/475/321 924/482/328
f 925/483/317 850/479/312 854/472/318
f 850/479/312 846/485/306 845/484/305
f 849/478/313 845/484/305 844/486/307
f 848/480/314 844/486/307 843/487/308
f 847/481/315 926/488/322 924/482/328
f 925/483/317 927/489/311 846/485/306
f 842/490/295 841/491/297 845/484/305
f 845/484/305 841/491/297 840/492/299
f 840/492/299 839/493/300 843/487/308
f 843/487/308 928/494/316 926/488/322
f 927/489/311 929/495/304 842/490/295
f 842/490/295 838/497/302 837/496/296
f 837/496/296 836/498/298 840/492/299
f 840/492/299 836/498/298 835/499/309
f 843/487/308 839/493/300 930/500/310
f 929/495/304 931/501/303 838/497/302
f 834/502/481 833/503/480 837/496/296
f 837/496/296 833/503/480 832/504/482
f 836/498/298 832/504/482 831/505/483
f 839/493/300 835/499/309 932/506/486
f 933/507/301 834/502/481 838/497/302
f 834/502/481 830/509/475 829/508/474
f 829/508/474 828/510/476 832/504/482
f 828/510/476 827/511/477 831/505/483
f 831/505/483 934/512/485 932/506/486
f 933/507/301 935/513/479 830/509/475
f 830/509/475 826/515/469 825/514/468
f 829/508/474 825/514/468 824/516/470
f 828/510/476 824/516/470 823/517/471
f 831/505/483 827/511/477 936/518/484
f 935/513/479 937/519/473 826/515/469
f 826/515/469 822/521/462 821/520/463
f 821/520/463 820/522/464 824/516/470
f 820/522/464 819/523/465 823/517/471
f 827/511/477 823/517/471 938/524/478
f 937/519/473 939/525/467 822/521/462
f 822/521/462 818/527/457 817/526/456
f 817/526/456 816/528/458 820/522/464
f 820/522/464 816/528/458 815/529/459
f 819/523/465 940/530/472 938/524/478
f 941/531/461 818/527/457 822/521/462
f 814/532/451 813/533/450 817/526/456
f 813/533/450 812/534/452 816/528/458
f 816/528/458 812/534/452 811/535/453
f 815/529/459 942/536/466 940/530/472
f 943/537/455 814/532/451 818/527/457
f 814/532/451 810/539/444 809/538/445
f 813/533/450 809/538/445 808/540/446
f 812/534/452 808/540/446 807/541/447
f 815/529/459 811/535/453 944/542/460
f 943/537/455 945/543/449 810/539/444
f 810/539/444 806/545/439 805/544/438
f 809/538/445 805/544/438 804/546/440
f 808/540/446 804/546/440 803/547/441
f 811/535/453 807/541/447 946/548/454
f 945/543/449 947/549/443 806/545/439
f 802/550/433 801/551/432 805/544/438
f 805/544/438 801/551/432 800/552/434
f 804/546/440 800/552/434 799/553/435
f 807/541/447 803/547/441 948/554/448
f 949/555/437 802/550/433 806/545/439
f 802/550/433 798/557/426 797/556/427
f 797/556/427 796/558/428 800/552/434
f 796/558/428 795/559/429 799/553/435
f 799/553/435 950/560/442 948/554/448
f 949/555/437 951/561/431 798/557/426
f 798/557/426 794/563/421 793/562/420
f 797/556/427 793/562/420 792/564/422
f 796/558/428 792/564/422 791/565/423
f 795/559/429 952/566/436 950/560/442
f 951/561/431 953/567/425 794/563/421
f 790/568/415 789/569/414 793/562/420
f 793/562/420 789/569/414 788/570/416
f 792/564/422 788/570/416 787/571/417
f 795/559/429 791/565/423 954/572/430
f 953/567/425 955/573/419 790/568/415
f 790/568/415 786/575/409 785/574/408
f 789/569/414 785/574/408 784/576/410
f 788/570/416 784/576/410 783/577/411
f 791/565/423 787/571/417 956/578/424
f 955/573/419 957/579/413 786/575/409
f 786/575/409 782/581/403 781/580/402
f 785/574/408 781/580/402 780/582/404
f 784/576/410 780/582/404 779/583/405
f 787/571/417 783/577/411 958/584/418
f 957/579/413 959/585/407 782/581/403
f 782/581/403 778/587/396 777/586/397
f 781/580/402 777/586/397 776/588/398
f 780/582/404 776/588/398 775/589/399
f 783/577/411 779/583/405 960/590/412
f 959/585/407 961/403/401 778/587/396
f 778/587/396 771/404/391 772/398/390
f 777/586/397 772/398/390 773/400/392
f 776/588/398 773/400/392 774/411/393
f 779/583/405 775/589/399 962/591/406
f 775/589/399 774/411/393 901/592/400
f 898/397/384 772/398/390 771/404/391
f 897/399/385 773/400/392 772/398/390
f 773/400/392 895/402/387 774/411/393
f 961/403/401 771/404/391 778/587/396
f 899/406/389 771/404/391 900/405/395
f 898/397/384 893/407/378 897/399/385
f 897/399/385 892/409/380 896/401/386
f 896/401/386 891/410/381 895/402/387
f 774/411/393 902/412/394 901/592/400
f 899/406/389 894/408/379 898/397/384
f 890/414/373 893/407/378 894/408/379
f 893/407/378 888/416/374 892/409/380
f 888/416/374 891/410/381 892/409/380
f 895/402/387 904/418/388 902/412/394
f 903/413/383 890/414/373 894/408/379
f 886/420/366 889/415/372 890/414/373
f 889/415/372 884/422/368 888/416/374
f 888/416/374 883/423/369 887/417/375
f 891/410/381 906/424/382 904/418/388
f 907/425/371 890/414/373 905/419/377
f 886/420/366 881/426/360 885/421/367
f 885/421/367 880/428/362 884/422/368
f 884/422/368 879/429/363 883/423/369
f 883/423/369 906/424/382 887/417/375
f 907/425/371 882/427/361 886/420/366
f 882/427/361 877/432/354 881/426/360
f 881/426/360 876/434/356 880/428/362
f 880/428/362 875/435/357 879/429/363
f 883/423/369 910/436/370 908/430/376
f 909/431/365 878/433/355 882/427/361
f 878/433/355 873/438/348 877/432/354
f 877/432/354 872/440/350 876/434/356
f 872/440/350 875/435/357 876/434/356
f 879/429/363 912/442/364 910/436/370
f 913/443/353 878/433/355 911/437/359
f 874/439/349 869/444/342 873/438/348
f 873/438/348 868/446/344 872/440/350
f 872/440/350 867/447/345 871/441/351
f 875/435/357 914/448/358 912/442/364
f 913/443/353 870/445/343 874/439/349
f 870/450/343 865/451/336 869/453/342
f 869/453/342 864/454/338 868/455/344
f 868/455/344 863/456/339 867/463/345
f 871/441/351 916/457/352 914/448/358
f 917/458/341 870/450/343 915/593/347
f 866/452/337 861/459/330 865/451/336
f 865/451/336 860/461/332 864/454/338
f 860/461/332 863/456/339 864/454/338
f 867/463/345 918/464/346 916/594/352
f 917/458/341 862/460/331 866/452/337
f 862/460/331 857/466/324 861/459/330
f 857/466/324 860/461/332 861/459/330
f 860/461/332 855/469/327 859/462/333
f 859/462/333 918/464/346 863/456/339
f 919/465/335 858/467/325 862/460/331
f 854/472/318 857/466/324 858/467/325
f 857/466/324 852/474/320 856/468/326
f 852/474/320 855/469/327 856/468/326
f 855/469/327 920/470/340 859/462/333
f 923/477/323 858/467/325 921/471/329
f 854/472/318 849/478/313 853/473/319
f 849/478/313 852/474/320 853/473/319
f 852/474/320 847/481/315 851/475/321
f 855/469/327 924/482/328 922/476/334
f 925/483/317 854/472/318 923/477/323
f 850/479/312 845/484/305 849/478/313
f 849/478/313 844/486/307 848/480/314
f 848/480/314 843/487/308 847/481/315
f 847/481/315 924/482/328 851/475/321
f 925/483/317 846/485/306 850/479/312
f 842/490/295 845/484/305 846/485/306
f 845/484/305 840/492/299 844/486/307
f 840/492/299 843/487/308 844/486/307
f 843/487/308 926/488/322 847/481/315
f 927/489/311 842/490/295 846/485/306
f 842/490/295 837/496/296 841/491/297
f 837/496/296 840/492/299 841/491/297
f 840/492/299 835/499/309 839/493/300
f 843/487/308 930/500/310 928/494/316
f 929/495/304 838/497/302 842/490/295
f 834/502/481 837/496/296 838/497/302
f 837/496/296 832/504/482 836/498/298
f 836/498/298 831/505/483 835/499/309
f 839/493/300 932/506/486 930/500/310
f 933/507/301 838/497/302 931/501/303
f 834/502/481 829/508/474 833/503/480
f 829/508/474 832/504/482 833/503/480
f 828/510/476 831/505/483 832/504/482
f 831/505/483 932/506/486 835/499/309
f 933/507/301 830/509/475 834/502/481
f 830/509/475 825/514/468 829/508/474
f 829/508/474 824/516/470 828/510/476
f 828/510/476 823/517/471 827/511/477
f 831/505/483 936/518/484 934/512/485
f 935/513/479 826/515/469 830/509/475
f 826/515/469 821/520/463 825/514/468
f 821/520/463 824/516/470 825/514/468
f 820/522/464 823/517/471 824/516/470
f 827/511/477 938/524/478 936/518/484
f 937/519/473 822/521/462 826/515/469
f 822/521/462 817/526/456 821/520/463
f 817/526/456 820/522/464 821/520/463
f 820/522/464 815/529/459 819/523/465
f 819/523/465 938/524/478 823/517/471
f 941/531/461 822/521/462 939/525/467
f 814/532/451 817/526/456 818/527/457
f 813/533/450 816/528/458 817/526/456
f 816/528/458 811/535/453 815/529/459
f 815/529/459 940/530/472 819/523/465
f 943/537/455 818/527/457 941/531/461
f 814/532/451 809/538/445 813/533/450
f 813/533/450 808/540/446 812/534/452
f 812/534/452 807/541/447 811/535/453
f 815/529/459 944/542/460 942/536/466
f 943/537/455 810/539/444 814/532/451
f 810/539/444 805/544/438 809/538/445
f 809/538/445 804/546/440 808/540/446
f 808/540/446 803/547/441 807/541/447
f 811/535/453 946/548/454 944/542/460
f 945/543/449 806/545/439 810/539/444
f 802/550/433 805/544/438 806/545/439
f 805/544/438 800/552/434 804/546/440
f 804/546/440 799/553/435 803/547/441
f 807/541/447 948/554/448 946/548/454
f 949/555/437 806/545/439 947/549/443
f 802/550/433 797/556/427 801/551/432
f 797/556/427 800/552/434 801/551/432
f 796/558/428 799/553/435 800/552/434
f 799/553/435 948/554/448 803/547/441
f 949/555/437 798/557/426 802/550/433
f 798/557/426 793/562/420 797/556/427
f 797/556/427 792/564/422 796/558/428
f 796/558/428 791/565/423 795/559/429
f 795/559/429 950/560/442 799/553/435
f 951/561/431 794/563/421 798/557/426
f 790/568/415 793/562/420 794/563/421
f 793/562/420 788/570/416 792/564/422
f 792/564/422 787/571/417 791/565/423
f 795/559/429 954/572/430 952/566/436
f 953/567/425 790/568/415 794/563/421
f 790/568/415 785/574/408 789/569/414
f 789/569/414 784/576/410 788/570/416
f 788/570/416 783/577/411 787/571/417
f 791/565/423 956/578/424 954/572/430
f 955/573/419 786/575/409 790/568/415
f 786/575/409 781/580/402 785/574/408
f 785/574/408 780/582/404 784/576/410
f 784/576/410 779/583/405 783/577/411
f 787/571/417 958/584/418 956/578/424
f 957/579/413 782/581/403 786/575/409
f 782/581/403 777/586/397 781/580/402
f 781/580/402 776/588/398 780/582/404
f 780/582/404 775/589/399 779/583/405
f 783/577/411 960/590/412 958/584/418
f 959/585/407 778/587/396 782/581/403
f 778/587/396 772/398/390 777/586/397
f 777/586/397 773/400/392 776/588/398
f 776/588/398 774/411/393 775/589/399
f 779/583/405 962/591/406 960/590/412
f 775/589/399 901/592/400 962/591/406
f 964/595/487 973/596/488 968/597/489
f 968/597/489 972/598/490 967/599/491
f 967/599/491 971/600/492 966/601/493
f 966/601/493 970/602/494 965/603/495
f 965/603/495 1349/604/496 1350/605/497
f 969/606/498 978/607/499 973/596/488
f 973/596/488 977/608/500 972/598/490
f 972/598/490 976/609/501 971/600/492
f 971/600/492 975/610/502 970/602/494
f 970/602/494 1351/611/503 1349/604/496
f 974/612/504 983/613/505 978/607/499
f 978/607/499 982/614/506 977/608/500
f 977/608/500 981/615/507 976/609/501
f 976/609/501 980/616/508 975/610/502
f 975/610/502 1352/617/509 1351/611/503
f 979/618/510 988/619/511 983/613/505
f 983/613/505 987/620/512 982/614/506
f 982/614/506 986/621/513 981/615/507
f 981/615/507 985/622/514 980/616/508
f 980/616/508 1353/623/515 1352/617/509
f 984/624/516 993/625/517 988/619/511
f 988/619/511 992/626/518 987/620/512
f 987/620/512 991/627/519 986/621/513
f 986/621/513 990/628/520 985/622/514
f 985/622/514 1354/629/521 1353/623/515
f 989/630/522 998/631/523 993/625/517
f 993/625/517 997/632/524 992/626/518
f 992/626/518 996/633/525 991/627/519
f 991/627/519 995/634/526 990/628/520
f 990/628/520 1355/635/527 1354/629/521
f 994/636/528 1003/637/529 998/631/523
f 998/631/523 1002/638/530 997/632/524
f 997/632/524 1001/639/531 996/633/525
f 996/633/525 1000/640/532 995/634/526
f 995/634/526 1356/641/533 1355/635/527
f 999/642/534 1008/643/535 1003/644/529
f 1003/644/529 1007/645/536 1002/646/530
f 1002/646/530 1006/647/537 1001/648/531
f 1001/648/531 1005/649/538 1000/650/532
f 1000/650/532 1357/651/539 1356/652/533
f 1009/653/540 1008/643/535 1004/654/541
f 1013/655/542 1007/645/536 1008/643/535
f 1012/656/543 1006/647/537 1007/645/536
f 1011/657/544 1005/649/538 1006/647/537
f 1010/658/545 1357/651/539 1005/649/538
f 1014/659/546 1013/655/542 1009/653/540
f 1018/660/547 1012/656/543 1013/655/542
f 1017/661/548 1011/657/544 1012/656/543
f 1016/662/549 1010/658/545 1011/657/544
f 1015/663/550 1358/664/551 1010/658/545
f 1019/665/552 1018/660/547 1014/659/546
f 1023/666/553 1017/661/548 1018/660/547
f 1022/667/554 1016/662/549 1017/661/548
f 1021/668/555 1015/663/550 1016/662/549
f 1020/669/556 1359/670/557 1015/663/550
f 1024/671/558 1023/666/553 1019/665/552
f 1028/672/559 1022/667/554 1023/666/553
f 1027/673/560 1021/668/555 1022/667/554
f 1026/674/561 1020/669/556 1021/668/555
f 1025/675/562 1360/676/563 1020/669/556
f 1029/677/564 1028/672/559 1024/671/558
f 1033/678/565 1027/673/560 1028/672/559
f 1032/679/566 1026/674/561 1027/673/560
f 1031/680/567 1025/675/562 1026/674/561
f 1030/681/568 1361/682/569 1025/675/562
f 1034/683/570 1033/678/565 1029/677/564
f 1038/684/571 1032/679/566 1033/678/565
f 1037/685/572 1031/680/567 1032/679/566
f 1036/686/573 1030/681/568 1031/680/567
f 1035/687/574 1362/688/575 1030/681/568
f 1039/689/576 1038/684/571 1034/683/570
f 1043/690/577 1037/685/572 1038/684/571
f 1042/691/578 1036/686/573 1037/685/572
f 1041/692/579 1035/687/574 1036/686/573
f 1040/693/580 1363/694/581 1035/687/574
f 1044/695/582 1043/690/577 1039/689/576
f 1048/696/583 1042/691/578 1043/690/577
f 1047/697/584 1041/692/579 1042/691/578
f 1046/698/585 1040/693/580 1041/692/579
f 1045/699/586 1364/700/587 1040/693/580
f 1049/701/588 1048/696/583 1044/695/582
f 1053/702/589 1047/697/584 1048/696/583
f 1052/703/590 1046/698/585 1047/697/584
f 1051/704/591 1045/699/586 1046/698/585
f 1050/705/592 1365/706/593 1045/699/586
f 1054/707/594 1053/702/589 1049/701/588
f 1058/708/595 1052/703/590 1053/702/589
f 1057/709/596 1051/704/591 1052/703/590
f 1056/710/597 1050/705/592 1051/704/591
f 1055/711/598 1366/712/599 1050/705/592
f 1059/713/600 1058/708/595 1054/707/594
f 1063/714/601 1057/709/596 1058/708/595
f 1062/715/602 1056/710/597 1057/709/596
f 1061/716/603 1055/711/598 1056/710/597
f 1060/717/604 1367/718/605 1055/711/598
f 1064/719/606 1063/714/601 1059/713/600
f 1068/720/607 1062/715/602 1063/714/601
f 1067/721/608 1061/716/603 1062/715/602
f 1066/722/609 1060/717/604 1061/716/603
f 1065/723/610 1368/724/611 1060/717/604
f 1069/725/612 1068/720/607 1064/719/606
f 1073/726/613 1067/721/608 1068/720/607
f 1072/727/614 1066/722/609 1067/721/608
f 1071/728/615 1065/723/610 1066/722/609
f 1070/729/616 1369/730/617 1065/723/610
f 1074/731/618 1073/726/613 1069/725/612
f 1078/732/619 1072/727/614 1073/726/613
f 1077/733/620 1071/728/615 1072/727/614
f 1076/734/621 1070/729/616 1071/728/615
f 1075/735/622 1370/736/623 1070/729/616
f 1079/737/624 1078/732/619 1074/731/618
f 1083/738/625 1077/733/620 1078/732/619
f 1082/739/626 1076/734/621 1077/733/620
f 1081/740/627 1075/735/622 1076/734/621
f 1080/741/628 1371/742/629 1075/735/622
f 1084/743/630 1083/738/625 1079/737/624
f 1088/744/631 1082/739/626 1083/738/625
f 1087/745/632 1081/740/627 1082/739/626
f 1086/746/633 1080/741/628 1081/740/627
f 1085/747/634 1372/748/635 1080/741/628
f 1084/743/630 1093/749/636 1088/744/631
f 1088/744/631 1092/750/637 1087/745/632
f 1087/745/632 1091/751/638 1086/746/633
f 1086/746/633 1090/752/639 1085/747/634
f 1085/747/634 1374/753/640 1373/754/641
f 1089/755/642 1098/756/643 1093/749/636
f 1093/749/636 1097/757/644 1092/750/637
f 1092/750/637 1096/758/645 1091/751/638
f 1091/751/638 1095/759/646 1090/752/639
f 1090/752/639 1375/760/647 1374/753/640
f 1094/761/648 1103/762/649 1098/756/643
f 1098/756/643 1102/763/650 1097/757/644
f 1097/757/644 1101/764/651 1096/758/645
f 1096/758/645 1100/765/652 1095/759/646
f 1095/759/646 1376/766/653 1375/760/647
f 1099/767/654 1108/768/655 1103/762/649
f 1103/762/649 1107/769/656 1102/763/650
f 1102/763/650 1106/770/657 1101/764/651
f 1101/764/651 1105/771/658 1100/765/652
f 1100/765/652 1377/772/659 1376/766/653
f 1104/773/660 1113/774/661 1108/768/655
f 1108/768/655 1112/775/662 1107/769/656
f 1107/769/656 1111/776/663 1106/770/657
f 1106/770/657 1110/777/664 1105/771/658
f 1105/771/658 1378/778/665 1377/772/659
f 1109/779/666 1118/780/667 1113/774/661
f 1113/774/661 1117/781/668 1112/775/662
f 1112/775/662 1116/782/669 1111/776/663
f 1111/776/663 1115/783/670 1110/777/664
f 1110/777/664 1379/784/671 1378/778/665
f 1114/785/672 1123/786/673 1118/780/667
f 1118/780/667 1122/787/674 1117/781/668
f 1117/781/668 1121/788/675 1116/782/669
f 1116/782/669 1120/789/676 1115/783/670
f 1115/783/670 1380/790/677 1379/784/671
f 1119/791/678 968/597/489 1123/786/673
f 1123/786/673 967/599/491 1122/787/674
f 1122/787/674 966/601/493 1121/788/675
f 1121/788/675 965/603/495 1120/789/676
f 1120/789/676 1350/605/497 1380/790/677
f 1125/792/679 1134/793/680 1130/794/681
f 1129/795/682 1133/796/683 1134/793/680
f 1128/797/684 1132/798/685 1133/796/683
f 1127/799/686 1131/800/687 1132/798/685
f 1126/801/688 1381/802/689 1131/800/687
f 1130/794/681 1139/803/690 1135/804/691
f 1134/793/680 1138/805/692 1139/803/690
f 1133/796/683 1137/806/693 1138/805/692
f 1132/798/685 1136/807/694 1137/806/693
f 1131/800/687 1383/808/695 1136/807/694
f 1135/804/691 1144/809/696 1140/810/697
f 1139/803/690 1143/811/698 1144/809/696
f 1138/805/692 1142/812/699 1143/811/698
f 1137/806/693 1141/813/700 1142/812/699
f 1136/807/694 1384/814/701 1141/813/700
f 1140/810/697 1149/815/702 1145/816/703
f 1144/809/696 1148/817/704 1149/815/702
f 1143/811/698 1147/818/705 1148/817/704
f 1142/812/699 1146/819/706 1147/818/705
f 1141/813/700 1385/820/707 1146/819/706
f 1145/816/703 1154/821/708 1150/822/709
f 1149/815/702 1153/823/710 1154/821/708
f 1148/817/704 1152/824/711 1153/823/710
f 1147/818/705 1151/825/712 1152/824/711
f 1146/819/706 1386/826/713 1151/825/712
f 1150/822/709 1159/827/714 1155/828/715
f 1154/821/708 1158/829/716 1159/827/714
f 1153/823/710 1157/830/717 1158/829/716
f 1152/824/711 1156/831/718 1157/830/717
f 1151/825/712 1387/832/719 1156/831/718
f 1155/828/715 1164/833/720 1160/834/721
f 1159/827/714 1163/835/722 1164/833/720
f 1158/829/716 1162/836/723 1163/835/722
f 1157/830/717 1161/837/724 1162/836/723
f 1156/831/718 1388/838/725 1161/837/724
f 1160/834/721 1169/839/726 1165/840/727
f 1164/833/720 1168/841/728 1169/839/726
f 1163/835/722 1167/842/729 1168/841/728
f 1162/836/723 1166/843/730 1167/842/729
f 1161/837/724 1389/844/731 1166/843/730
f 1169/845/726 1170/846/732 1165/847/727
f 1168/848/728 1174/849/733 1169/845/726
f 1167/850/729 1173/851/734 1168/848/728
f 1166/852/730 1172/853/735 1167/850/729
f 1389/854/731 1171/855/736 1166/852/730
f 1174/849/733 1175/856/737 1170/846/732
f 1173/851/734 1179/857/738 1174/849/733
f 1172/853/735 1178/858/739 1173/851/734
f 1171/855/736 1177/859/740 1172/853/735
f 1390/860/741 1176/861/742 1171/855/736
f 1179/857/738 1180/862/743 1175/856/737
f 1178/858/739 1184/863/744 1179/857/738
f 1177/859/740 1183/864/745 1178/858/739
f 1176/861/742 1182/865/746 1177/859/740
f 1391/866/747 1181/867/748 1176/861/742
f 1184/863/744 1185/868/749 1180/862/743
f 1183/864/745 1189/869/750 1184/863/744
f 1182/865/746 1188/870/751 1183/864/745
f 1181/867/748 1187/871/752 1182/865/746
f 1392/872/753 1186/873/754 1181/867/748
f 1189/869/750 1190/874/755 1185/868/749
f 1188/870/751 1194/875/756 1189/869/750
f 1187/871/752 1193/876/757 1188/870/751
f 1186/873/754 1192/877/758 1187/871/752
f 1393/878/759 1191/879/760 1186/873/754
f 1194/875/756 1195/880/761 1190/874/755
f 1193/876/757 1199/881/762 1194/875/756
f 1192/877/758 1198/882/763 1193/876/757
f 1191/879/760 1197/883/764 1192/877/758
f 1394/884/765 1196/885/766 1191/879/760
f 1199/881/762 1200/886/767 1195/880/761
f 1198/882/763 1204/887/768 1199/881/762
f 1197/883/764 1203/888/769 1198/882/763
f 1196/885/766 1202/889/770 1197/883/764
f 1395/890/771 1201/891/772 1196/885/766
f 1204/887/768 1205/892/773 1200/886/767
f 1203/888/769 1209/893/774 1204/887/768
f 1202/889/770 1208/894/775 1203/888/769
f 1201/891/772 1207/895/776 1202/889/770
f 1396/896/777 1206/897/778 1201/891/772
f 1209/893/774 1210/898/779 1205/892/773
f 1208/894/775 1214/899/780 1209/893/774
f 1207/895/776 1213/900/781 1208/894/775
f 1206/897/778 1212/901/782 1207/895/776
f 1397/902/783 1211/903/784 1206/897/778
f 1214/899/780 1215/904/785 1210/898/779
f 1213/900/781 1219/905/786 1214/899/780
f 1212/901/782 1218/906/787 1213/900/781
f 1211/903/784 1217/907/788 1212/901/782
f 1398/908/789 1216/909/790 1211/903/784
f 1219/905/786 1220/910/791 1215/904/785
f 1218/906/787 1224/911/792 1219/905/786
f 1217/907/788 1223/912/793 1218/906/787
f 1216/909/790 1222/913/794 1217/907/788
f 1399/914/795 1221/915/796 1216/909/790
f 1224/911/792 1225/916/797 1220/910/791
f 1223/912/793 1229/917/798 1224/911/792
f 1222/913/794 1228/918/799 1223/912/793
f 1221/915/796 1227/919/800 1222/913/794
f 1400/920/801 1226/921/802 1221/915/796
f 1229/917/798 1230/922/803 1225/916/797
f 1228/918/799 1234/923/804 1229/917/798
f 1227/919/800 1233/924/805 1228/918/799
f 1226/921/802 1232/925/806 1227/919/800
f 1401/926/807 1231/927/808 1226/921/802
f 1234/923/804 1235/928/809 1230/922/803
f 1233/924/805 1239/929/810 1234/923/804
f 1232/925/806 1238/930/811 1233/924/805
f 1231/927/808 1237/931/812 1232/925/806
f 1402/932/813 1236/933/814 1231/927/808
f 1239/929/810 1240/934/815 1235/928/809
f 1238/930/811 1244/935/816 1239/929/810
f 1237/931/812 1243/936/817 1238/930/811
f 1236/933/814 1242/937/818 1237/931/812
f 1403/938/819 1241/939/820 1236/933/814
f 1244/935/816 1245/940/821 1240/934/815
f 1243/936/817 1249/941/822 1244/935/816
f 1242/937/818 1248/942/823 1243/936/817
f 1241/939/820 1247/943/824 1242/937/818
f 1404/944/825 1246/945/826 1241/939/820
f 1245/940/821 1254/946/827 1250/947/828
f 1249/941/822 1253/948/829 1254/946/827
f 1248/942/823 1252/949/830 1253/948/829
f 1247/943/824 1251/950/831 1252/949/830
f 1246/945/826 1406/951/832 1251/950/831
f 1250/947/828 1259/952/833 1255/953/834
f 1254/946/827 1258/954/835 1259/952/833
f 1253/948/829 1257/955/836 1258/954/835
f 1252/949/830 1256/956/837 1257/955/836
f 1251/950/831 1407/957/838 1256/956/837
f 1255/953/834 1264/958/839 1260/959/840
f 1259/952/833 1263/960/841 1264/958/839
f 1258/954/835 1262/961/842 1263/960/841
f 1257/955/836 1261/962/843 1262/961/842
f 1256/956/837 1408/963/844 1261/962/843
f 1260/959/840 1269/964/845 1265/965/846
f 1264/958/839 1268/966/847 1269/964/845
f 1263/960/841 1267/967/848 1268/966/847
f 1262/961/842 1266/968/849 1267/967/848
f 1261/962/843 1409/969/850 1266/968/849
f 1265/965/846 1274/970/851 1270/971/852
f 1269/964/845 1273/972/853 1274/970/851
f 1268/966/847 1272/973/854 1273/972/853
f 1267/967/848 1271/974/855 1272/973/854
f 1266/968/849 1410/975/856 1271/974/855
f 1270/971/852 1279/976/857 1275/977/858
f 1274/970/851 1278/978/859 1279/976/857
f 1273/972/853 1277/979/860 1278/978/859
f 1272/973/854 1276/980/861 1277/979/860
f 1271/974/855 1411/981/862 1276/980/861
f 1275/977/858 1284/982/863 1280/983/864
f 1279/976/857 1283/984/865 1284/982/863
f 1278/978/859 1282/985/866 1283/984/865
f 1277/979/860 1281/986/867 1282/985/866
f 1276/980/861 1412/987/868 1281/986/867
f 1280/983/864 1129/795/682 1125/792/679
f 1284/982/863 1128/797/684 1129/795/682
f 1283/984/865 1127/799/686 1128/797/684
f 1282/985/866 1126/801/688 1127/799/686
f 1281/986/867 1382/988/869 1126/801/688
f 1316/989/870 964/990/487 1119/991/678
f 1287/992/871 979/993/510 974/994/504
f 1288/995/872 984/996/516 979/993/510
f 984/996/516 1290/997/873 989/998/522
f 989/998/522 1291/999/874 994/1000/528
f 994/1000/528 1292/1001/875 999/1002/534
f 999/1003/534 1293/1004/876 1004/1005/541
f 1004/1005/541 1294/1006/877 1009/1007/540
f 1009/1007/540 1295/1008/878 1014/1009/546
f 1014/1009/546 1296/1010/879 1019/1011/552
f 1019/1011/552 1297/1012/880 1024/1013/558
f 1024/1013/558 1298/1014/881 1029/1015/564
f 1029/1015/564 1299/1016/882 1034/1017/570
f 1034/1017/570 1300/1018/883 1039/1019/576
f 1039/1019/576 1301/1020/884 1044/1021/582
f 1044/1021/582 1302/1022/885 1049/1023/588
f 1049/1023/588 1303/1024/886 1054/1025/594
f 1054/1025/594 1304/1026/887 1059/1027/600
f 1059/1027/600 1305/1028/888 1064/1029/606
f 1305/1028/888 1069/1030/612 1064/1029/606
f 1306/1031/889 1074/1032/618 1069/1030/612
f 1307/1033/890 1079/1034/624 1074/1032/618
f 1308/1035/891 1084/1036/630 1079/1034/624
f 1309/1037/892 1089/1038/642 1084/1036/630
f 1310/1039/893 1094/1040/648 1089/1038/642
f 1311/1041/894 1099/1042/654 1094/1040/648
f 1312/1043/895 1104/1044/660 1099/1042/654
f 1313/1045/896 1109/1046/666 1104/1044/660
f 1314/1047/897 1114/1048/672 1109/1046/666
f 1315/1049/898 1119/991/678 1114/1048/672
f 1285/1050/899 974/994/504 969/1051/498
f 1286/1052/900 969/1051/498 964/990/487
f 1125/1053/679 1348/1054/901 1280/1055/864
f 1140/1056/697 1319/1057/902 1135/1058/691
f 1145/1059/703 1320/1060/903 1140/1056/697
f 1322/1061/904 1145/1059/703 1150/1062/709
f 1323/1063/905 1150/1062/709 1155/1064/715
f 1324/1065/906 1155/1064/715 1160/1066/721
f 1325/1067/907 1160/1066/721 1165/1068/727
f 1326/1069/908 1165/1070/727 1170/1071/732
f 1327/1072/909 1170/1071/732 1175/1073/737
f 1328/1074/910 1175/1073/737 1180/1075/743
f 1329/1076/911 1180/1075/743 1185/1077/749
f 1330/1078/912 1185/1077/749 1190/1079/755
f 1331/1080/913 1190/1079/755 1195/1081/761
f 1332/1082/914 1195/1081/761 1200/1083/767
f 1333/1084/915 1200/1083/767 1205/1085/773
f 1334/1086/916 1205/1085/773 1210/1087/779
f 1335/1088/917 1210/1087/779 1215/1089/785
f 1336/1090/918 1215/1089/785 1220/1091/791
f 1337/1092/919 1220/1091/791 1225/1093/797
f 1230/1094/803 1337/1092/919 1225/1093/797
f 1235/1095/809 1338/1096/920 1230/1094/803
f 1240/1097/815 1339/1098/921 1235/1095/809
f 1245/1099/821 1340/1100/922 1240/1097/815
f 1250/1101/828 1341/1102/923 1245/1099/821
f 1255/1103/834 1342/1104/924 1250/1101/828
f 1260/1105/840 1343/1106/925 1255/1103/834
f 1265/1107/846 1344/1108/926 1260/1105/840
f 1270/1109/852 1345/1110/927 1265/1107/846
f 1275/1111/858 1346/1112/928 1270/1109/852
f 1280/1055/864 1347/1113/929 1275/1111/858
f 1135/1058/691 1317/1114/930 1130/1115/681
f 1130/1115/681 1318/1116/931 1125/1053/679
f 963/1117/261 1349/1118/496 1351/1119/503
f 963/1117/261 1351/1119/503 1352/1120/509
f 963/1117/261 1352/1120/509 1353/1121/515
f 963/1117/261 1353/1121/515 1354/1122/521
f 963/1117/261 1354/1122/521 1355/1123/527
f 963/1117/261 1355/1123/527 1356/1124/533
f 963/1117/261 1356/1124/533 1357/1125/539
f 963/1117/261 1357/1125/539 1358/1126/551
f 963/1117/261 1358/1126/551 1359/1127/557
f 963/1117/261 1359/1127/557 1360/1128/563
f 963/1117/261 1360/1128/563 1361/1129/569
f 963/1117/261 1361/1129/569 1362/1130/575
f 963/1117/261 1362/1130/575 1363/1131/581
f 963/1117/261 1363/1131/581 1364/1132/587
f 963/1117/261 1364/1132/587 1365/1133/593
f 963/1117/261 1365/1133/593 1366/1134/599
f 963/1117/261 1366/1134/599 1367/1135/605
f 963/1117/261 1367/1135/605 1368/1136/611
f 963/1117/261 1368/1136/611 1369/1137/617
f 963/1117/261 1369/1137/617 1370/1138/623
f 963/1117/261 1370/1138/623 1371/1139/629
f 963/1117/261 1371/1139/629 1372/1140/635
f 963/1117/261 1372/1140/635 1373/1141/641
f 963/1117/261 1373/1141/641 1374/1142/640
f 963/1117/261 1374/1142/640 1375/1143/647
f 963/1117/261 1375/1143/647 1376/1144/653
f 963/1117/261 1376/1144/653 1377/1145/659
f 963/1117/261 1377/1145/659 1378/1146/665
f 963/1117/261 1378/1146/665 1379/1147/671
f 963/1117/261 1379/1147/671 1380/1148/677
f 963/1117/261 1380/1148/677 1350/1149/497
f 1124/1150/261 1383/1151/695 1381/1152/689
f 1124/1150/261 1384/1153/701 1383/1151/695
f 1124/1150/261 1385/1154/707 1384/1153/701
f 1124/1150/261 1386/1155/713 1385/1154/707
f 1124/1150/261 1387/1156/719 1386/1155/713
f 1124/1150/261 1388/1157/725 1387/1156/719
f 1124/1150/261 1389/1158/731 1388/1157/725
f 1124/1150/261 1390/1159/741 1389/1158/731
f 1124/1150/261 1391/1160/747 1390/1159/741
f 1124/1150/261 1392/1161/753 1391/1160/747
f 1124/1150/261 1393/1162/759 1392/1161/753
f 1124/1150/261 1394/1163/765 1393/1162/759
f 1124/1150/261 1395/1164/771 1394/1163/765
f 1124/1150/261 1396/1165/777 1395/1164/771
f 1124/1150/261 1397/1166/783 1396/1165/777
f 1124/1150/261 1398/1167/789 1397/1166/783
f 1124/1150/261 1399/1168/795 1398/1167/789
f 1124/1150/261 1400/1169/801 1399/1168/795
f 1124/1150/261 1401/1170/807 1400/1169/801
f 1124/1150/261 1402/1171/813 1401/1170/807
f 1124/1150/261 1403/1172/819 1402/1171/813
f 1124/1150/261 1404/1173/825 1403/1172/819
f 1124/1150/261 1405/1174/932 1404/1173/825
f 1124/1150/261 1406/1175/832 1405/1174/932
f 1124/1150/261 1407/1176/838 1406/1175/832
f 1124/1150/261 1408/1177/844 1407/1176/838
f 1124/1150/261 1409/1178/850 1408/1177/844
f 1124/1150/261 1410/1179/856 1409/1178/850
f 1124/1150/261 1411/1180/862 1410/1179/856
f 1124/1150/261 1412/1181/868 1411/1180/862
f 1124/1150/261 1382/1182/869 1412/1181/868
f 1124/1150/261 1381/1152/689 1382/1182/869
f 963/1117/261 1350/1149/497 1349/1118/496
f 964/595/487 969/606/498 973/596/488
f 968/597/489 973/596/488 972/598/490
f 967/599/491 972/598/490 971/600/492
f 966/601/493 971/600/492 970/602/494
f 965/603/495 970/602/494 1349/604/496
f 969/606/498 974/612/504 978/607/499
f 973/596/488 978/607/499 977/608/500
f 972/598/490 977/608/500 976/609/501
f 971/600/492 976/609/501 975/610/502
f 970/602/494 975/610/502 1351/611/503
f 974/612/504 979/618/510 983/613/505
f 978/607/499 983/613/505 982/614/506
f 977/608/500 982/614/506 981/615/507
f 976/609/501 981/615/507 980/616/508
f 975/610/502 980/616/508 1352/617/509
f 979/618/510 984/624/516 988/619/511
f 983/613/505 988/619/511 987/620/512
f 982/614/506 987/620/512 986/621/513
f 981/615/507 986/621/513 985/622/514
f 980/616/508 985/622/514 1353/623/515
f 984/624/516 989/630/522 993/625/517
f 988/619/511 993/625/517 992/626/518
f 987/620/512 992/626/518 991/627/519
f 986/621/513 991/627/519 990/628/520
f 985/622/514 990/628/520 1354/629/521
f 989/630/522 994/636/528 998/631/523
f 993/625/517 998/631/523 997/632/524
f 992/626/518 997/632/524 996/633/525
f 991/627/519 996/633/525 995/634/526
f 990/628/520 995/634/526 1355/635/527
f 994/636/528 999/1183/534 1003/637/529
f 998/631/523 1003/637/529 1002/638/530
f 997/632/524 1002/638/530 1001/639/531
f 996/633/525 1001/639/531 1000/640/532
f 995/634/526 1000/640/532 1356/641/533
f 999/642/534 1004/654/541 1008/643/535
f 1003/644/529 1008/643/535 1007/645/536
f 1002/646/530 1007/645/536 1006/647/537
f 1001/648/531 1006/647/537 1005/649/538
f 1000/650/532 1005/649/538 1357/651/539
f 1009/653/540 1013/655/542 1008/643/535
f 1013/655/542 1012/656/543 1007/645/536
f 1012/656/543 1011/657/544 1006/647/537
f 1011/657/544 1010/658/545 1005/649/538
f 1010/658/545 1358/664/551 1357/651/539
f 1014/659/546 1018/660/547 1013/655/542
f 1018/660/547 1017/661/548 1012/656/543
f 1017/661/548 1016/662/549 1011/657/544
f 1016/662/549 1015/663/550 1010/658/545
f 1015/663/550 1359/670/557 1358/664/551
f 1019/665/552 1023/666/553 1018/660/547
f 1023/666/553 1022/667/554 1017/661/548
f 1022/667/554 1021/668/555 1016/662/549
f 1021/668/555 1020/669/556 1015/663/550
f 1020/669/556 1360/676/563 1359/670/557
f 1024/671/558 1028/672/559 1023/666/553
f 1028/672/559 1027/673/560 1022/667/554
f 1027/673/560 1026/674/561 1021/668/555
f 1026/674/561 1025/675/562 1020/669/556
f 1025/675/562 1361/682/569 1360/676/563
f 1029/677/564 1033/678/565 1028/672/559
f 1033/678/565 1032/679/566 1027/673/560
f 1032/679/566 1031/680/567 1026/674/561
f 1031/680/567 1030/681/568 1025/675/562
f 1030/681/568 1362/688/575 1361/682/569
f 1034/683/570 1038/684/571 1033/678/565
f 1038/684/571 1037/685/572 1032/679/566
f 1037/685/572 1036/686/573 1031/680/567
f 1036/686/573 1035/687/574 1030/681/568
f 1035/687/574 1363/694/581 1362/688/575
f 1039/689/576 1043/690/577 1038/684/571
f 1043/690/577 1042/691/578 1037/685/572
f 1042/691/578 1041/692/579 1036/686/573
f 1041/692/579 1040/693/580 1035/687/574
f 1040/693/580 1364/700/587 1363/694/581
f 1044/695/582 1048/696/583 1043/690/577
f 1048/696/583 1047/697/584 1042/691/578
f 1047/697/584 1046/698/585 1041/692/579
f 1046/698/585 1045/699/586 1040/693/580
f 1045/699/586 1365/706/593 1364/700/587
f 1049/701/588 1053/702/589 1048/696/583
f 1053/702/589 1052/703/590 1047/697/584
f 1052/703/590 1051/704/591 1046/698/585
f 1051/704/591 1050/705/592 1045/699/586
f 1050/705/592 1366/712/599 1365/706/593
f 1054/707/594 1058/708/595 1053/702/589
f 1058/708/595 1057/709/596 1052/703/590
f 1057/709/596 1056/710/597 1051/704/591
f 1056/710/597 1055/711/598 1050/705/592
f 1055/711/598 1367/718/605 1366/712/599
f 1059/713/600 1063/714/601 1058/708/595
f 1063/714/601 1062/715/602 1057/709/596
f 1062/715/602 1061/716/603 1056/710/597
f 1061/716/603 1060/717/604 1055/711/598
f 1060/717/604 1368/724/611 1367/718/605
f 1064/719/606 1068/720/607 1063/714/601
f 1068/720/607 1067/721/608 1062/715/602
f 1067/721/608 1066/722/609 1061/716/603
f 1066/722/609 1065/723/610 1060/717/604
f 1065/723/610 1369/730/617 1368/724/611
f 1069/725/612 1073/726/613 1068/720/607
f 1073/726/613 1072/727/614 1067/721/608
f 1072/727/614 1071/728/615 1066/722/609
f 1071/728/615 1070/729/616 1065/723/610
f 1070/729/616 1370/736/623 1369/730/617
f 1074/731/618 1078/732/619 1073/726/613
f 1078/732/619 1077/733/620 1072/727/614
f 1077/733/620 1076/734/621 1071/728/615
f 1076/734/621 1075/735/622 1070/729/616
f 1075/735/622 1371/742/629 1370/736/623
f 1079/737/624 1083/738/625 1078/732/619
f 1083/738/625 1082/739/626 1077/733/620
f 1082/739/626 1081/740/627 1076/734/621
f 1081/740/627 1080/741/628 1075/735/622
f 1080/741/628 1372/748/635 1371/742/629
f 1084/743/630 1088/744/631 1083/738/625
f 1088/744/631 1087/745/632 1082/739/626
f 1087/745/632 1086/746/633 1081/740/627
f 1086/746/633 1085/747/634 1080/741/628
f 1085/747/634 1373/754/641 1372/748/635
f 1084/743/630 1089/755/642 1093/749/636
f 1088/744/631 1093/749/636 1092/750/637
f 1087/745/632 1092/750/637 1091/751/638
f 1086/746/633 1091/751/638 1090/752/639
f 1085/747/634 1090/752/639 1374/753/640
f 1089/755/642 1094/761/648 1098/756/643
f 1093/749/636 1098/756/643 1097/757/644
f 1092/750/637 1097/757/644 1096/758/645
f 1091/751/638 1096/758/645 1095/759/646
f 1090/752/639 1095/759/646 1375/760/647
f 1094/761/648 1099/767/654 1103/762/649
f 1098/756/643 1103/762/649 1102/763/650
f 1097/757/644 1102/763/650 1101/764/651
f 1096/758/645 1101/764/651 1100/765/652
f 1095/759/646 1100/765/652 1376/766/653
f 1099/767/654 1104/773/660 1108/768/655
f 1103/762/649 1108/768/655 1107/769/656
f 1102/763/650 1107/769/656 1106/770/657
f 1101/764/651 1106/770/657 1105/771/658
f 1100/765/652 1105/771/658 1377/772/659
f 1104/773/660 1109/779/666 1113/774/661
f 1108/768/655 1113/774/661 1112/775/662
f 1107/769/656 1112/775/662 1111/776/663
f 1106/770/657 1111/776/663 1110/777/664
f 1105/771/658 1110/777/664 1378/778/665
f 1109/779/666 1114/785/672 1118/780/667
f 1113/774/661 1118/780/667 1117/781/668
f 1112/775/662 1117/781/668 1116/782/669
f 1111/776/663 1116/782/669 1115/783/670
f 1110/777/664 1115/783/670 1379/784/671
f 1114/785/672 1119/791/678 1123/786/673
f 1118/780/667 1123/786/673 1122/787/674
f 1117/781/668 1122/787/674 1121/788/675
f 1116/782/669 1121/788/675 1120/789/676
f 1115/783/670 1120/789/676 1380/790/677
f 1119/791/678 964/595/487 968/597/489
f 1123/786/673 968/597/489 967/599/491
f 1122/787/674 967/599/491 966/601/493
f 1121/788/675 966/601/493 965/603/495
f 1120/789/676 965/603/495 1350/605/497
f 1125/792/679 1129/795/682 1134/793/680
f 1129/795/682 1128/797/684 1133/796/683
f 1128/797/684 1127/799/686 1132/798/685
f 1127/799/686 1126/801/688 1131/800/687
f 1126/801/688 1382/988/869 1381/802/689
f 1130/794/681 1134/793/680 1139/803/690
f 1134/793/680 1133/796/683 1138/805/692
f 1133/796/683 1132/798/685 1137/806/693
f 1132/798/685 1131/800/687 1136/807/694
f 1131/800/687 1381/802/689 1383/808/695
f 1135/804/691 1139/803/690 1144/809/696
f 1139/803/690 1138/805/692 1143/811/698
f 1138/805/692 1137/806/693 1142/812/699
f 1137/806/693 1136/807/694 1141/813/700
f 1136/807/694 1383/808/695 1384/814/701
f 1140/810/697 1144/809/696 1149/815/702
f 1144/809/696 1143/811/698 1148/817/704
f 1143/811/698 1142/812/699 1147/818/705
f 1142/812/699 1141/813/700 1146/819/706
f 1141/813/700 1384/814/701 1385/820/707
f 1145/816/703 1149/815/702 1154/821/708
f 1149/815/702 1148/817/704 1153/823/710
f 1148/817/704 1147/818/705 1152/824/711
f 1147/818/705 1146/819/706 1151/825/712
f 1146/819/706 1385/820/707 1386/826/713
f 1150/822/709 1154/821/708 1159/827/714
f 1154/821/708 1153/823/710 1158/829/716
f 1153/823/710 1152/824/711 1157/830/717
f 1152/824/711 1151/825/712 1156/831/718
f 1151/825/712 1386/826/713 1387/832/719
f 1155/828/715 1159/827/714 1164/833/720
f 1159/827/714 1158/829/716 1163/835/722
f 1158/829/716 1157/830/717 1162/836/723
f 1157/830/717 1156/831/718 1161/837/724
f 1156/831/718 1387/832/719 1388/838/725
f 1160/834/721 1164/833/720 1169/839/726
f 1164/833/720 1163/835/722 1168/841/728
f 1163/835/722 1162/836/723 1167/842/729
f 1162/836/723 1161/837/724 1166/843/730
f 1161/837/724 1388/838/725 1389/844/731
f 1169/845/726 1174/849/733 1170/846/732
f 1168/848/728 1173/851/734 1174/849/733
f 1167/850/729 1172/853/735 1173/851/734
f 1166/852/730 1171/855/736 1172/853/735
f 1389/854/731 1390/860/741 1171/855/736
f 1174/849/733 1179/857/738 1175/856/737
f 1173/851/734 1178/858/739 1179/857/738
f 1172/853/735 1177/859/740 1178/858/739
f 1171/855/736 1176/861/742 1177/859/740
f 1390/860/741 1391/866/747 1176/861/742
f 1179/857/738 1184/863/744 1180/862/743
f 1178/858/739 1183/864/745 1184/863/744
f 1177/859/740 1182/865/746 1183/864/745
f 1176/861/742 1181/867/748 1182/865/746
f 1391/866/747 1392/872/753 1181/867/748
f 1184/863/744 1189/869/750 1185/868/749
f 1183/864/745 1188/870/751 1189/869/750
f 1182/865/746 1187/871/752 1188/870/751
f 1181/867/748 1186/873/754 1187/871/752
f 1392/872/753 1393/878/759 1186/873/754
f 1189/869/750 1194/875/756 1190/874/755
f 1188/870/751 1193/876/757 1194/875/756
f 1187/871/752 1192/877/758 1193/876/757
f 1186/873/754 1191/879/760 1192/877/758
f 1393/878/759 1394/884/765 1191/879/760
f 1194/875/756 1199/881/762 1195/880/761
f 1193/876/757 1198/882/763 1199/881/762
f 1192/877/758 1197/883/764 1198/882/763
f 1191/879/760 1196/885/766 1197/883/764
f 1394/884/765 1395/890/771 1196/885/766
f 1199/881/762 1204/887/768 1200/886/767
f 1198/882/763 1203/888/769 1204/887/768
f 1197/883/764 1202/889/770 1203/888/769
f 1196/885/766 1201/891/772 1202/889/770
f 1395/890/771 1396/896/777 1201/891/772
f 1204/887/768 1209/893/774 1205/892/773
f 1203/888/769 1208/894/775 1209/893/774
f 1202/889/770 1207/895/776 1208/894/775
f 1201/891/772 1206/897/778 1207/895/776
f 1396/896/777 1397/902/783 1206/897/778
f 1209/893/774 1214/899/780 1210/898/779
f 1208/894/775 1213/900/781 1214/899/780
f 1207/895/776 1212/901/782 1213/900/781
f 1206/897/778 1211/903/784 1212/901/782
f 1397/902/783 1398/908/789 1211/903/784
f 1214/899/780 1219/905/786 1215/904/785
f 1213/900/781 1218/906/787 1219/905/786
f 1212/901/782 1217/907/788 1218/906/787
f 1211/903/784 1216/909/790 1217/907/788
f 1398/908/789 1399/914/795 1216/909/790
f 1219/905/786 1224/911/792 1220/910/791
f 1218/906/787 1223/912/793 1224/911/792
f 1217/907/788 1222/913/794 1223/912/793
f 1216/909/790 1221/915/796 1222/913/794
f 1399/914/795 1400/920/801 1221/915/796
f 1224/911/792 1229/917/798 1225/916/797
f 1223/912/793 1228/918/799 1229/917/798
f 1222/913/794 1227/919/800 1228/918/799
f 1221/915/796 1226/921/802 1227/919/800
f 1400/920/801 1401/926/807 1226/921/802
f 1229/917/798 1234/923/804 1230/922/803
f 1228/918/799 1233/924/805 1234/923/804
f 1227/919/800 1232/925/806 1233/924/805
f 1226/921/802 1231/927/808 1232/925/806
f 1401/926/807 1402/932/813 1231/927/808
f 1234/923/804 1239/929/810 1235/928/809
f 1233/924/805 1238/930/811 1239/929/810
f 1232/925/806 1237/931/812 1238/930/811
f 1231/927/808 1236/933/814 1237/931/812
f 1402/932/813 1403/938/819 1236/933/814
f 1239/929/810 1244/935/816 1240/934/815
f 1238/930/811 1243/936/817 1244/935/816
f 1237/931/812 1242/937/818 1243/936/817
f 1236/933/814 1241/939/820 1242/937/818
f 1403/938/819 1404/944/825 1241/939/820
f 1244/935/816 1249/941/822 1245/940/821
f 1243/936/817 1248/942/823 1249/941/822
f 1242/937/818 1247/943/824 1248/942/823
f 1241/939/820 1246/945/826 1247/943/824
f 1404/944/825 1405/1184/932 1246/945/826
f 1245/940/821 1249/941/822 1254/946/827
f 1249/941/822 1248/942/823 1253/948/829
f 1248/942/823 1247/943/824 1252/949/830
f 1247/943/824 1246/945/826 1251/950/831
f 1246/945/826 1405/1184/932 1406/951/832
f 1250/947/828 1254/946/827 1259/952/833
f 1254/946/827 1253/948/829 1258/954/835
f 1253/948/829 1252/949/830 1257/955/836
f 1252/949/830 1251/950/831 1256/956/837
f 1251/950/831 1406/951/832 1407/957/838
f 1255/953/834 1259/952/833 1264/958/839
f 1259/952/833 1258/954/835 1263/960/841
f 1258/954/835 1257/955/836 1262/961/842
f 1257/955/836 1256/956/837 1261/962/843
f 1256/956/837 1407/957/838 1408/963/844
f 1260/959/840 1264/958/839 1269/964/845
f 1264/958/839 1263/960/841 1268/966/847
f 1263/960/841 1262/961/842 1267/967/848
f 1262/961/842 1261/962/843 1266/968/849
f 1261/962/843 1408/963/844 1409/969/850
f 1265/965/846 1269/964/845 1274/970/851
f 1269/964/845 1268/966/847 1273/972/853
f 1268/966/847 1267/967/848 1272/973/854
f 1267/967/848 1266/968/849 1271/974/855
f 1266/968/849 1409/969/850 1410/975/856
f 1270/971/852 1274/970/851 1279/976/857
f 1274/970/851 1273/972/853 1278/978/859
f 1273/972/853 1272/973/854 1277/979/860
f 1272/973/854 1271/974/855 1276/980/861
f 1271/974/855 1410/975/856 1411/981/862
f 1275/977/858 1279/976/857 1284/982/863
f 1279/976/857 1278/978/859 1283/984/865
f 1278/978/859 1277/979/860 1282/985/866
f 1277/979/860 1276/980/861 1281/986/867
f 1276/980/861 1411/981/862 1412/987/868
f 1280/983/864 1284/982/863 1129/795/682
f 1284/982/863 1283/984/865 1128/797/684
f 1283/984/865 1282/985/866 1127/799/686
f 1282/985/866 1281/986/867 1126/801/688
f 1281/986/867 1412/987/868 1382/988/869
f 1316/989/870 1286/1052/900 964/990/487
f 1287/992/871 1288/995/872 979/993/510
f 1288/995/872 1289/1185/933 984/996/516
f 984/996/516 1289/1185/933 1290/997/873
f 989/998/522 1290/997/873 1291/999/874
f 994/1000/528 1291/999/874 1292/1001/875
f 999/1003/534 1292/1186/875 1293/1004/876
f 1004/1005/541 1293/1004/876 1294/1006/877
f 1009/1007/540 1294/1006/877 1295/1008/878
f 1014/1009/546 1295/1008/878 1296/1010/879
f 1019/1011/552 1296/1010/879 1297/1012/880
f 1024/1013/558 1297/1012/880 1298/1014/881
f 1029/1015/564 1298/1014/881 1299/1016/882
f 1034/1017/570 1299/1016/882 1300/1018/883
f 1039/1019/576 1300/1018/883 1301/1020/884
f 1044/1021/582 1301/1020/884 1302/1022/885
f 1049/1023/588 1302/1022/885 1303/1024/886
f 1054/1025/594 1303/1024/886 1304/1026/887
f 1059/1027/600 1304/1026/887 1305/1028/888
f 1305/1028/888 1306/1031/889 1069/1030/612
f 1306/1031/889 1307/1033/890 1074/1032/618
f 1307/1033/890 1308/1035/891 1079/1034/624
f 1308/1035/891 1309/1037/892 1084/1036/630
f 1309/1037/892 1310/1039/893 1089/1038/642
f 1310/1039/893 1311/1041/894 1094/1040/648
f 1311/1041/894 1312/1043/895 1099/1042/654
f 1312/1043/895 1313/1045/896 1104/1044/660
f 1313/1045/896 1314/1047/897 1109/1046/666
f 1314/1047/897 1315/1049/898 1114/1048/672
f 1315/1049/898 1316/989/870 1119/991/678
f 1285/1050/899 1287/992/871 974/994/504
f 1286/1052/900 1285/1050/899 969/1051/498
f 1125/1053/679 1318/1116/931 1348/1054/901
f 1140/1056/697 1320/1060/903 1319/1057/902
f 1145/1059/703 1321/1187/934 1320/1060/903
f 1322/1061/904 1321/1187/934 1145/1059/703
f 1323/1063/905 1322/1061/904 1150/1062/709
f 1324/1065/906 1323/1063/905 1155/1064/715
f 1325/1067/907 1324/1065/906 1160/1066/721
f 1326/1069/908 1325/1188/907 1165/1070/727
f 1327/1072/909 1326/1069/908 1170/1071/732
f 1328/1074/910 1327/1072/909 1175/1073/737
f 1329/1076/911 1328/1074/910 1180/1075/743
f 1330/1078/912 1329/1076/911 1185/1077/749
f 1331/1080/913 1330/1078/912 1190/1079/755
f 1332/1082/914 1331/1080/913 1195/1081/761
f 1333/1084/915 1332/1082/914 1200/1083/767
f 1334/1086/916 1333/1084/915 1205/1085/773
f 1335/1088/917 1334/1086/916 1210/1087/779
f 1336/1090/918 1335/1088/917 1215/1089/785
f 1337/1092/919 1336/1090/918 1220/1091/791
f 1230/1094/803 1338/1096/920 1337/1092/919
f 1235/1095/809 1339/1098/921 1338/1096/920
f 1240/1097/815 1340/1100/922 1339/1098/921
f 1245/1099/821 1341/1102/923 1340/1100/922
f 1250/1101/828 1342/1104/924 1341/1102/923
f 1255/1103/834 1343/1106/925 1342/1104/924
f 1260/1105/840 1344/1108/926 1343/1106/925
f 1265/1107/846 1345/1110/927 1344/1108/926
f 1270/1109/852 1346/1112/928 1345/1110/927
f 1275/1111/858 1347/1113/929 1346/1112/928
f 1280/1055/864 1348/1054/901 1347/1113/929
f 1135/1058/691 1319/1057/902 1317/1114/930
f 1130/1115/681 1317/1114/930 1318/1116/931
f 1414/595/935 1418/597/583 1423/596/577
f 1418/597/583 1417/599/584 1422/598/578
f 1417/599/584 1416/601/585 1421/600/579
f 1416/601/585 1415/603/936 1420/602/580
f 1415/603/936 1800/605/593 1799/604/587
f 1419/606/937 1423/596/577 1428/607/571
f 1423/596/577 1422/598/578 1427/608/572
f 1422/598/578 1421/600/579 1426/609/573
f 1421/600/579 1420/602/580 1425/610/938
f 1420/602/580 1799/604/587 1801/611/581
f 1424/612/939 1428/607/571 1433/613/565
f 1428/607/571 1427/608/572 1432/614/566
f 1427/608/572 1426/609/573 1431/615/567
f 1426/609/573 1425/610/938 1430/616/568
f 1425/610/938 1801/611/581 1802/617/940
f 1429/618/941 1433/613/565 1438/619/559
f 1433/613/565 1432/614/566 1437/620/560
f 1432/614/566 1431/615/567 1436/621/561
f 1431/615/567 1430/616/568 1435/622/942
f 1430/616/568 1802/617/940 1803/623/943
f 1434/624/944 1438/619/559 1443/625/553
f 1438/619/559 1437/620/560 1442/626/554
f 1437/620/560 1436/621/561 1441/627/555
f 1436/621/561 1435/622/942 1440/628/556
f 1435/622/942 1803/623/943 1804/629/563
f 1439/630/945 1443/625/553 1448/631/547
f 1443/625/553 1442/626/554 1447/632/548
f 1442/626/554 1441/627/555 1446/633/549
f 1441/627/555 1440/628/556 1445/634/550
f 1440/628/556 1804/629/563 1805/635/557
f 1444/636/946 1448/631/547 1453/637/542
f 1448/631/547 1447/632/548 1452/638/543
f 1447/632/548 1446/633/549 1451/639/544
f 1446/633/549 1445/634/550 1450/640/545
f 1445/634/550 1805/635/557 1806/641/551
f 1449/642/947 1453/644/542 1458/643/535
f 1453/644/542 1452/646/543 1457/645/536
f 1452/646/543 1451/648/544 1456/647/537
f 1451/648/544 1450/650/545 1455/649/538
f 1450/650/545 1806/652/551 1807/651/539
f 1459/653/948 1454/654/949 1458/643/535
f 1463/655/529 1458/643/535 1457/645/536
f 1462/656/530 1457/645/536 1456/647/537
f 1461/657/531 1456/647/537 1455/649/538
f 1460/658/532 1455/649/538 1807/651/539
f 1464/659/950 1459/653/948 1463/655/529
f 1468/660/523 1463/655/529 1462/656/530
f 1467/661/524 1462/656/530 1461/657/531
f 1466/662/525 1461/657/531 1460/658/532
f 1465/663/526 1460/658/532 1808/664/533
f 1469/665/951 1464/659/950 1468/660/523
f 1473/666/517 1468/660/523 1467/661/524
f 1472/667/518 1467/661/524 1466/662/525
f 1471/668/519 1466/662/525 1465/663/526
f 1470/669/520 1465/663/526 1809/670/527
f 1474/671/952 1469/665/951 1473/666/517
f 1478/672/511 1473/666/517 1472/667/518
f 1477/673/512 1472/667/518 1471/668/519
f 1476/674/513 1471/668/519 1470/669/520
f 1475/675/953 1470/669/520 1810/676/521
f 1479/677/954 1474/671/952 1478/672/511
f 1483/678/505 1478/672/511 1477/673/512
f 1482/679/506 1477/673/512 1476/674/513
f 1481/680/507 1476/674/513 1475/675/953
f 1480/681/508 1475/675/953 1811/682/955
f 1484/683/956 1479/677/954 1483/678/505
f 1488/684/499 1483/678/505 1482/679/506
f 1487/685/500 1482/679/506 1481/680/507
f 1486/686/501 1481/680/507 1480/681/508
f 1485/687/957 1480/681/508 1812/688/958
f 1489/689/959 1484/683/956 1488/684/499
f 1493/690/488 1488/684/499 1487/685/500
f 1492/691/490 1487/685/500 1486/686/501
f 1491/692/492 1486/686/501 1485/687/957
f 1490/693/494 1485/687/957 1813/694/503
f 1494/695/960 1489/689/959 1493/690/488
f 1498/696/489 1493/690/488 1492/691/490
f 1497/697/491 1492/691/490 1491/692/492
f 1496/698/493 1491/692/492 1490/693/494
f 1495/699/495 1490/693/494 1814/700/496
f 1499/701/961 1494/695/960 1498/696/489
f 1503/702/673 1498/696/489 1497/697/491
f 1502/703/674 1497/697/491 1496/698/493
f 1501/704/675 1496/698/493 1495/699/495
f 1500/705/676 1495/699/495 1815/706/497
f 1504/707/962 1499/701/961 1503/702/673
f 1508/708/667 1503/702/673 1502/703/674
f 1507/709/668 1502/703/674 1501/704/675
f 1506/710/669 1501/704/675 1500/705/676
f 1505/711/670 1500/705/676 1816/712/677
f 1509/713/963 1504/707/962 1508/708/667
f 1513/714/661 1508/708/667 1507/709/668
f 1512/715/662 1507/709/668 1506/710/669
f 1511/716/663 1506/710/669 1505/711/670
f 1510/717/664 1505/711/670 1817/718/671
f 1514/719/964 1509/713/963 1513/714/661
f 1518/720/655 1513/714/661 1512/715/662
f 1517/721/656 1512/715/662 1511/716/663
f 1516/722/657 1511/716/663 1510/717/664
f 1515/723/658 1510/717/664 1818/724/665
f 1519/725/965 1514/719/964 1518/720/655
f 1523/726/649 1518/720/655 1517/721/656
f 1522/727/650 1517/721/656 1516/722/657
f 1521/728/651 1516/722/657 1515/723/658
f 1520/729/652 1515/723/658 1819/730/659
f 1524/731/966 1519/725/965 1523/726/649
f 1528/732/643 1523/726/649 1522/727/650
f 1527/733/644 1522/727/650 1521/728/651
f 1526/734/645 1521/728/651 1520/729/652
f 1525/735/967 1520/729/652 1820/736/968
f 1529/737/969 1524/731/966 1528/732/643
f 1533/738/636 1528/732/643 1527/733/644
f 1532/739/637 1527/733/644 1526/734/645
f 1531/740/638 1526/734/645 1525/735/967
f 1530/741/639 1525/735/967 1821/742/647
f 1534/743/970 1529/737/969 1533/738/636
f 1538/744/631 1533/738/636 1532/739/637
f 1537/745/632 1532/739/637 1531/740/638
f 1536/746/633 1531/740/638 1530/741/639
f 1535/747/634 1530/741/639 1822/748/640
f 1534/743/970 1538/744/631 1543/749/625
f 1538/744/631 1537/745/632 1542/750/626
f 1537/745/632 1536/746/633 1541/751/627
f 1536/746/633 1535/747/634 1540/752/971
f 1535/747/634 1823/754/641 1824/753/635
f 1539/755/972 1543/749/625 1548/756/619
f 1543/749/625 1542/750/626 1547/757/620
f 1542/750/626 1541/751/627 1546/758/621
f 1541/751/627 1540/752/971 1545/759/973
f 1540/752/971 1824/753/635 1825/760/629
f 1544/761/974 1548/756/619 1553/762/613
f 1548/756/619 1547/757/620 1552/763/614
f 1547/757/620 1546/758/621 1551/764/615
f 1546/758/621 1545/759/973 1550/765/616
f 1545/759/973 1825/760/629 1826/766/975
f 1549/767/976 1553/762/613 1558/768/607
f 1553/762/613 1552/763/614 1557/769/608
f 1552/763/614 1551/764/615 1556/770/609
f 1551/764/615 1550/765/616 1555/771/610
f 1550/765/616 1826/766/975 1827/772/617
f 1554/773/977 1558/768/607 1563/774/601
f 1558/768/607 1557/769/608 1562/775/602
f 1557/769/608 1556/770/609 1561/776/603
f 1556/770/609 1555/771/610 1560/777/604
f 1555/771/610 1827/772/617 1828/778/611
f 1559/779/978 1563/774/601 1568/780/595
f 1563/774/601 1562/775/602 1567/781/596
f 1562/775/602 1561/776/603 1566/782/597
f 1561/776/603 1560/777/604 1565/783/598
f 1560/777/604 1828/778/611 1829/784/605
f 1564/785/979 1568/780/595 1573/786/589
f 1568/780/595 1567/781/596 1572/787/590
f 1567/781/596 1566/782/597 1571/788/591
f 1566/782/597 1565/783/598 1570/789/592
f 1565/783/598 1829/784/605 1830/790/599
f 1569/791/980 1573/786/589 1418/597/583
f 1573/786/589 1572/787/590 1417/599/584
f 1572/787/590 1571/788/591 1416/601/585
f 1571/788/591 1570/789/592 1415/603/936
f 1570/789/592 1830/790/599 1800/605/593
f 1575/792/981 1580/794/982 1584/793/768
f 1579/795/774 1584/793/768 1583/796/769
f 1578/797/775 1583/796/769 1582/798/770
f 1577/799/776 1582/798/770 1581/800/772
f 1576/801/778 1581/800/772 1831/802/777
f 1580/794/982 1585/804/983 1589/803/762
f 1584/793/768 1589/803/762 1588/805/763
f 1583/796/769 1588/805/763 1587/806/764
f 1582/798/770 1587/806/764 1586/807/766
f 1581/800/772 1586/807/766 1833/808/771
f 1585/804/983 1590/810/984 1594/809/756
f 1589/803/762 1594/809/756 1593/811/757
f 1588/805/763 1593/811/757 1592/812/758
f 1587/806/764 1592/812/758 1591/813/985
f 1586/807/766 1591/813/985 1834/814/765
f 1590/810/984 1595/816/986 1599/815/750
f 1594/809/756 1599/815/750 1598/817/751
f 1593/811/757 1598/817/751 1597/818/752
f 1592/812/758 1597/818/752 1596/819/754
f 1591/813/985 1596/819/754 1835/820/987
f 1595/816/986 1600/822/988 1604/821/744
f 1599/815/750 1604/821/744 1603/823/745
f 1598/817/751 1603/823/745 1602/824/746
f 1597/818/752 1602/824/746 1601/825/748
f 1596/819/754 1601/825/748 1836/826/753
f 1600/822/988 1605/828/989 1609/827/738
f 1604/821/744 1609/827/738 1608/829/739
f 1603/823/745 1608/829/739 1607/830/740
f 1602/824/746 1607/830/740 1606/831/742
f 1601/825/748 1606/831/742 1837/832/747
f 1605/828/989 1610/834/990 1614/833/733
f 1609/827/738 1614/833/733 1613/835/734
f 1608/829/739 1613/835/734 1612/836/735
f 1607/830/740 1612/836/735 1611/837/736
f 1606/831/742 1611/837/736 1838/838/741
f 1610/834/990 1615/840/991 1619/839/726
f 1614/833/733 1619/839/726 1618/841/728
f 1613/835/734 1618/841/728 1617/842/729
f 1612/836/735 1617/842/729 1616/843/730
f 1611/837/736 1616/843/730 1839/844/731
f 1619/845/726 1615/847/991 1620/846/992
f 1618/848/728 1619/845/726 1624/849/720
f 1617/850/729 1618/848/728 1623/851/722
f 1616/852/730 1617/850/729 1622/853/723
f 1839/854/731 1616/852/730 1621/855/724
f 1624/849/720 1620/846/992 1625/856/993
f 1623/851/722 1624/849/720 1629/857/714
f 1622/853/723 1623/851/722 1628/858/716
f 1621/855/724 1622/853/723 1627/859/717
f 1840/860/725 1621/855/724 1626/861/718
f 1629/857/714 1625/856/993 1630/862/994
f 1628/858/716 1629/857/714 1634/863/708
f 1627/859/717 1628/858/716 1633/864/710
f 1626/861/718 1627/859/717 1632/865/711
f 1841/866/719 1626/861/718 1631/867/712
f 1634/863/708 1630/862/994 1635/868/995
f 1633/864/710 1634/863/708 1639/869/702
f 1632/865/711 1633/864/710 1638/870/704
f 1631/867/712 1632/865/711 1637/871/705
f 1842/872/713 1631/867/712 1636/873/706
f 1639/869/702 1635/868/995 1640/874/996
f 1638/870/704 1639/869/702 1644/875/696
f 1637/871/705 1638/870/704 1643/876/698
f 1636/873/706 1637/871/705 1642/877/699
f 1843/878/997 1636/873/706 1641/879/998
f 1644/875/696 1640/874/996 1645/880/999
f 1643/876/698 1644/875/696 1649/881/690
f 1642/877/699 1643/876/698 1648/882/692
f 1641/879/998 1642/877/699 1647/883/693
f 1844/884/701 1641/879/998 1646/885/694
f 1649/881/690 1645/880/999 1650/886/1000
f 1648/882/692 1649/881/690 1654/887/680
f 1647/883/693 1648/882/692 1653/888/683
f 1646/885/694 1647/883/693 1652/889/685
f 1845/890/695 1646/885/694 1651/891/687
f 1654/887/680 1650/886/1000 1655/892/1001
f 1653/888/683 1654/887/680 1659/893/682
f 1652/889/685 1653/888/683 1658/894/684
f 1651/891/687 1652/889/685 1657/895/686
f 1846/896/689 1651/891/687 1656/897/1002
f 1659/893/682 1655/892/1001 1660/898/1003
f 1658/894/684 1659/893/682 1664/899/863
f 1657/895/686 1658/894/684 1663/900/865
f 1656/897/1002 1657/895/686 1662/901/866
f 1847/902/869 1656/897/1002 1661/903/867
f 1664/899/863 1660/898/1003 1665/904/1004
f 1663/900/865 1664/899/863 1669/905/857
f 1662/901/866 1663/900/865 1668/906/859
f 1661/903/867 1662/901/866 1667/907/860
f 1848/908/868 1661/903/867 1666/909/861
f 1669/905/857 1665/904/1004 1670/910/1005
f 1668/906/859 1669/905/857 1674/911/851
f 1667/907/860 1668/906/859 1673/912/853
f 1666/909/861 1667/907/860 1672/913/854
f 1849/914/862 1666/909/861 1671/915/1006
f 1674/911/851 1670/910/1005 1675/916/1007
f 1673/912/853 1674/911/851 1679/917/845
f 1672/913/854 1673/912/853 1678/918/847
f 1671/915/1006 1672/913/854 1677/919/848
f 1850/920/1008 1671/915/1006 1676/921/849
f 1679/917/845 1675/916/1007 1680/922/1009
f 1678/918/847 1679/917/845 1684/923/839
f 1677/919/848 1678/918/847 1683/924/841
f 1676/921/849 1677/919/848 1682/925/842
f 1851/926/850 1676/921/849 1681/927/1010
f 1684/923/839 1680/922/1009 1685/928/1011
f 1683/924/841 1684/923/839 1689/929/833
f 1682/925/842 1683/924/841 1688/930/835
f 1681/927/1010 1682/925/842 1687/931/836
f 1852/932/1012 1681/927/1010 1686/933/1013
f 1689/929/833 1685/928/1011 1690/934/1014
f 1688/930/835 1689/929/833 1694/935/827
f 1687/931/836 1688/930/835 1693/936/829
f 1686/933/1013 1687/931/836 1692/937/830
f 1853/938/1015 1686/933/1013 1691/939/831
f 1694/935/827 1690/934/1014 1695/940/1016
f 1693/936/829 1694/935/827 1699/941/822
f 1692/937/830 1693/936/829 1698/942/823
f 1691/939/831 1692/937/830 1697/943/824
f 1854/944/832 1691/939/831 1696/945/826
f 1695/940/1016 1700/947/1017 1704/946/816
f 1699/941/822 1704/946/816 1703/948/817
f 1698/942/823 1703/948/817 1702/949/818
f 1697/943/824 1702/949/818 1701/950/820
f 1696/945/826 1701/950/820 1856/951/825
f 1700/947/1017 1705/953/1018 1709/952/810
f 1704/946/816 1709/952/810 1708/954/811
f 1703/948/817 1708/954/811 1707/955/812
f 1702/949/818 1707/955/812 1706/956/1019
f 1701/950/820 1706/956/1019 1857/957/1020
f 1705/953/1018 1710/959/1021 1714/958/804
f 1709/952/810 1714/958/804 1713/960/805
f 1708/954/811 1713/960/805 1712/961/806
f 1707/955/812 1712/961/806 1711/962/1022
f 1706/956/1019 1711/962/1022 1858/963/1023
f 1710/959/1021 1715/965/1024 1719/964/798
f 1714/958/804 1719/964/798 1718/966/799
f 1713/960/805 1718/966/799 1717/967/800
f 1712/961/806 1717/967/800 1716/968/1025
f 1711/962/1022 1716/968/1025 1859/969/807
f 1715/965/1024 1720/971/1026 1724/970/792
f 1719/964/798 1724/970/792 1723/972/793
f 1718/966/799 1723/972/793 1722/973/794
f 1717/967/800 1722/973/794 1721/974/1027
f 1716/968/1025 1721/974/1027 1860/975/1028
f 1720/971/1026 1725/977/1029 1729/976/786
f 1724/970/792 1729/976/786 1728/978/787
f 1723/972/793 1728/978/787 1727/979/788
f 1722/973/794 1727/979/788 1726/980/790
f 1721/974/1027 1726/980/790 1861/981/795
f 1725/977/1029 1730/983/1030 1734/982/780
f 1729/976/786 1734/982/780 1733/984/781
f 1728/978/787 1733/984/781 1732/985/782
f 1727/979/788 1732/985/782 1731/986/784
f 1726/980/790 1731/986/784 1862/987/789
f 1730/983/1030 1575/792/981 1579/795/774
f 1734/982/780 1579/795/774 1578/797/775
f 1733/984/781 1578/797/775 1577/799/776
f 1732/985/782 1577/799/776 1576/801/778
f 1731/986/784 1576/801/778 1832/988/783
f 1766/989/1031 1569/991/980 1414/990/935
f 1737/992/1032 1424/994/939 1429/993/941
f 1738/995/1033 1429/993/941 1434/996/944
f 1434/996/944 1439/998/945 1740/997/1034
f 1439/998/945 1444/1000/946 1741/999/1035
f 1444/1000/946 1449/1002/947 1742/1001/1036
f 1449/1003/947 1454/1005/949 1743/1004/1037
f 1454/1005/949 1459/1007/948 1744/1006/1038
f 1459/1007/948 1464/1009/950 1745/1008/1039
f 1464/1009/950 1469/1011/951 1746/1010/1040
f 1469/1011/951 1474/1013/952 1747/1012/1041
f 1474/1013/952 1479/1015/954 1748/1014/1042
f 1479/1015/954 1484/1017/956 1749/1016/1043
f 1484/1017/956 1489/1019/959 1750/1018/1044
f 1489/1019/959 1494/1021/960 1751/1020/1045
f 1494/1021/960 1499/1023/961 1752/1022/1046
f 1499/1023/961 1504/1025/962 1753/1024/1047
f 1504/1025/962 1509/1027/963 1754/1026/1048
f 1509/1027/963 1514/1029/964 1755/1028/1049
f 1755/1028/1049 1514/1029/964 1519/1030/965
f 1756/1031/1050 1519/1030/965 1524/1032/966
f 1757/1033/1051 1524/1032/966 1529/1034/969
f 1758/1035/1052 1529/1034/969 1534/1036/970
f 1759/1037/1053 1534/1036/970 1539/1038/972
f 1760/1039/1054 1539/1038/972 1544/1040/974
f 1761/1041/1055 1544/1040/974 1549/1042/976
f 1762/1043/1056 1549/1042/976 1554/1044/977
f 1763/1045/1057 1554/1044/977 1559/1046/978
f 1764/1047/1058 1559/1046/978 1564/1048/979
f 1765/1049/1059 1564/1048/979 1569/991/980
f 1735/1050/1060 1419/1051/937 1424/994/939
f 1736/1052/1061 1414/990/935 1419/1051/937
f 1575/1053/981 1730/1055/1030 1798/1054/1062
f 1590/1056/984 1585/1058/983 1769/1057/1063
f 1595/1059/986 1590/1056/984 1770/1060/1064
f 1772/1061/1065 1600/1062/988 1595/1059/986
f 1773/1063/1066 1605/1064/989 1600/1062/988
f 1774/1065/1067 1610/1066/990 1605/1064/989
f 1775/1067/1068 1615/1068/991 1610/1066/990
f 1776/1069/1069 1620/1071/992 1615/1070/991
f 1777/1072/1070 1625/1073/993 1620/1071/992
f 1778/1074/1071 1630/1075/994 1625/1073/993
f 1779/1076/1072 1635/1077/995 1630/1075/994
f 1780/1078/1073 1640/1079/996 1635/1077/995
f 1781/1080/1074 1645/1081/999 1640/1079/996
f 1782/1082/1075 1650/1083/1000 1645/1081/999
f 1783/1084/1076 1655/1085/1001 1650/1083/1000
f 1784/1086/1077 1660/1087/1003 1655/1085/1001
f 1785/1088/1078 1665/1089/1004 1660/1087/1003
f 1786/1090/1079 1670/1091/1005 1665/1089/1004
f 1787/1092/1080 1675/1093/1007 1670/1091/1005
f 1680/1094/1009 1675/1093/1007 1787/1092/1080
f 1685/1095/1011 1680/1094/1009 1788/1096/1081
f 1690/1097/1014 1685/1095/1011 1789/1098/1082
f 1695/1099/1016 1690/1097/1014 1790/1100/1083
f 1700/1101/1017 1695/1099/1016 1791/1102/1084
f 1705/1103/1018 1700/1101/1017 1792/1104/1085
f 1710/1105/1021 1705/1103/1018 1793/1106/1086
f 1715/1107/1024 1710/1105/1021 1794/1108/1087
f 1720/1109/1026 1715/1107/1024 1795/1110/1088
f 1725/1111/1029 1720/1109/1026 1796/1112/1089
f 1730/1055/1030 1725/1111/1029 1797/1113/1090
f 1585/1058/983 1580/1115/982 1767/1114/1091
f 1580/1115/982 1575/1053/981 1768/1116/1092
f 1413/1117/261 1801/1119/581 1799/1118/587
f 1413/1117/261 1802/1120/940 1801/1119/581
f 1413/1117/261 1803/1121/943 1802/1120/940
f 1413/1117/261 1804/1122/563 1803/1121/943
f 1413/1117/261 1805/1123/557 1804/1122/563
f 1413/1117/261 1806/1124/551 1805/1123/557
f 1413/1117/261 1807/1125/539 1806/1124/551
f 1413/1117/261 1808/1126/533 1807/1125/539
f 1413/1117/261 1809/1127/527 1808/1126/533
f 1413/1117/261 1810/1128/521 1809/1127/527
f 1413/1117/261 1811/1129/955 1810/1128/521
f 1413/1117/261 1812/1130/958 1811/1129/955
f 1413/1117/261 1813/1131/503 1812/1130/958
f 1413/1117/261 1814/1132/496 1813/1131/503
f 1413/1117/261 1815/1133/497 1814/1132/496
f 1413/1117/261 1816/1134/677 1815/1133/497
f 1413/1117/261 1817/1135/671 1816/1134/677
f 1413/1117/261 1818/1136/665 1817/1135/671
f 1413/1117/261 1819/1137/659 1818/1136/665
f 1413/1117/261 1820/1138/968 1819/1137/659
f 1413/1117/261 1821/1139/647 1820/1138/968
f 1413/1117/261 1822/1140/640 1821/1139/647
f 1413/1117/261 1823/1141/641 1822/1140/640
f 1413/1117/261 1824/1142/635 1823/1141/641
f 1413/1117/261 1825/1143/629 1824/1142/635
f 1413/1117/261 1826/1144/975 1825/1143/629
f 1413/1117/261 1827/1145/617 1826/1144/975
f 1413/1117/261 1828/1146/611 1827/1145/617
f 1413/1117/261 1829/1147/605 1828/1146/611
f 1413/1117/261 1830/1148/599 1829/1147/605
f 1413/1117/261 1800/1149/593 1830/1148/599
f 1574/1150/261 1831/1152/777 1833/1151/771
f 1574/1150/261 1833/1151/771 1834/1153/765
f 1574/1150/261 1834/1153/765 1835/1154/987
f 1574/1150/261 1835/1154/987 1836/1155/753
f 1574/1150/261 1836/1155/753 1837/1156/747
f 1574/1150/261 1837/1156/747 1838/1157/741
f 1574/1150/261 1838/1157/741 1839/1158/731
f 1574/1150/261 1839/1158/731 1840/1159/725
f 1574/1150/261 1840/1159/725 1841/1160/719
f 1574/1150/261 1841/1160/719 1842/1161/713
f 1574/1150/261 1842/1161/713 1843/1162/997
f 1574/1150/261 1843/1162/997 1844/1163/701
f 1574/1150/261 1844/1163/701 1845/1164/695
f 1574/1150/261 1845/1164/695 1846/1165/689
f 1574/1150/261 1846/1165/689 1847/1166/869
f 1574/1150/261 1847/1166/869 1848/1167/868
f 1574/1150/261 1848/1167/868 1849/1168/862
f 1574/1150/261 1849/1168/862 1850/1169/1008
f 1574/1150/261 1850/1169/1008 1851/1170/850
f 1574/1150/261 1851/1170/850 1852/1171/1012
f 1574/1150/261 1852/1171/1012 1853/1172/1015
f 1574/1150/261 1853/1172/1015 1854/1173/832
f 1574/1150/261 1854/1173/832 1855/1174/932
f 1574/1150/261 1855/1174/932 1856/1175/825
f 1574/1150/261 1856/1175/825 1857/1176/1020
f 1574/1150/261 1857/1176/1020 1858/1177/1023
f 1574/1150/261 1858/1177/1023 1859/1178/807
f 1574/1150/261 1859/1178/807 1860/1179/1028
f 1574/1150/261 1860/1179/1028 1861/1180/795
f 1574/1150/261 1861/1180/795 1862/1181/789
f 1574/1150/261 1862/1181/789 1832/1182/783
f 1574/1150/261 1832/1182/783 1831/1152/777
f 1413/1117/261 1799/1118/587 1800/1149/593
f 1414/595/935 1423/596/577 1419/606/937
f 1418/597/583 1422/598/578 1423/596/577
f 1417/599/584 1421/600/579 1422/598/578
f 1416/601/585 1420/602/580 1421/600/579
f 1415/603/936 1799/604/587 1420/602/580
f 1419/606/937 1428/607/571 1424/612/939
f 1423/596/577 1427/608/572 1428/607/571
f 1422/598/578 1426/609/573 1427/608/572
f 1421/600/579 1425/610/938 1426/609/573
f 1420/602/580 1801/611/581 1425/610/938
f 1424/612/939 1433/613/565 1429/618/941
f 1428/607/571 1432/614/566 1433/613/565
f 1427/608/572 1431/615/567 1432/614/566
f 1426/609/573 1430/616/568 1431/615/567
f 1425/610/938 1802/617/940 1430/616/568
f 1429/618/941 1438/619/559 1434/624/944
f 1433/613/565 1437/620/560 1438/619/559
f 1432/614/566 1436/621/561 1437/620/560
f 1431/615/567 1435/622/942 1436/621/561
f 1430/616/568 1803/623/943 1435/622/942
f 1434/624/944 1443/625/553 1439/630/945
f 1438/619/559 1442/626/554 1443/625/553
f 1437/620/560 1441/627/555 1442/626/554
f 1436/621/561 1440/628/556 1441/627/555
f 1435/622/942 1804/629/563 1440/628/556
f 1439/630/945 1448/631/547 1444/636/946
f 1443/625/553 1447/632/548 1448/631/547
f 1442/626/554 1446/633/549 1447/632/548
f 1441/627/555 1445/634/550 1446/633/549
f 1440/628/556 1805/635/557 1445/634/550
f 1444/636/946 1453/637/542 1449/1183/947
f 1448/631/547 1452/638/543 1453/637/542
f 1447/632/548 1451/639/544 1452/638/543
f 1446/633/549 1450/640/545 1451/639/544
f 1445/634/550 1806/641/551 1450/640/545
f 1449/642/947 1458/643/535 1454/654/949
f 1453/644/542 1457/645/536 1458/643/535
f 1452/646/543 1456/647/537 1457/645/536
f 1451/648/544 1455/649/538 1456/647/537
f 1450/650/545 1807/651/539 1455/649/538
f 1459/653/948 1458/643/535 1463/655/529
f 1463/655/529 1457/645/536 1462/656/530
f 1462/656/530 1456/647/537 1461/657/531
f 1461/657/531 1455/649/538 1460/658/532
f 1460/658/532 1807/651/539 1808/664/533
f 1464/659/950 1463/655/529 1468/660/523
f 1468/660/523 1462/656/530 1467/661/524
f 1467/661/524 1461/657/531 1466/662/525
f 1466/662/525 1460/658/532 1465/663/526
f 1465/663/526 1808/664/533 1809/670/527
f 1469/665/951 1468/660/523 1473/666/517
f 1473/666/517 1467/661/524 1472/667/518
f 1472/667/518 1466/662/525 1471/668/519
f 1471/668/519 1465/663/526 1470/669/520
f 1470/669/520 1809/670/527 1810/676/521
f 1474/671/952 1473/666/517 1478/672/511
f 1478/672/511 1472/667/518 1477/673/512
f 1477/673/512 1471/668/519 1476/674/513
f 1476/674/513 1470/669/520 1475/675/953
f 1475/675/953 1810/676/521 1811/682/955
f 1479/677/954 1478/672/511 1483/678/505
f 1483/678/505 1477/673/512 1482/679/506
f 1482/679/506 1476/674/513 1481/680/507
f 1481/680/507 1475/675/953 1480/681/508
f 1480/681/508 1811/682/955 1812/688/958
f 1484/683/956 1483/678/505 1488/684/499
f 1488/684/499 1482/679/506 1487/685/500
f 1487/685/500 1481/680/507 1486/686/501
f 1486/686/501 1480/681/508 1485/687/957
f 1485/687/957 1812/688/958 1813/694/503
f 1489/689/959 1488/684/499 1493/690/488
f 1493/690/488 1487/685/500 1492/691/490
f 1492/691/490 1486/686/501 1491/692/492
f 1491/692/492 1485/687/957 1490/693/494
f 1490/693/494 1813/694/503 1814/700/496
f 1494/695/960 1493/690/488 1498/696/489
f 1498/696/489 1492/691/490 1497/697/491
f 1497/697/491 1491/692/492 1496/698/493
f 1496/698/493 1490/693/494 1495/699/495
f 1495/699/495 1814/700/496 1815/706/497
f 1499/701/961 1498/696/489 1503/702/673
f 1503/702/673 1497/697/491 1502/703/674
f 1502/703/674 1496/698/493 1501/704/675
f 1501/704/675 1495/699/495 1500/705/676
f 1500/705/676 1815/706/497 1816/712/677
f 1504/707/962 1503/702/673 1508/708/667
f 1508/708/667 1502/703/674 1507/709/668
f 1507/709/668 1501/704/675 1506/710/669
f 1506/710/669 1500/705/676 1505/711/670
f 1505/711/670 1816/712/677 1817/718/671
f 1509/713/963 1508/708/667 1513/714/661
f 1513/714/661 1507/709/668 1512/715/662
f 1512/715/662 1506/710/669 1511/716/663
f 1511/716/663 1505/711/670 1510/717/664
f 1510/717/664 1817/718/671 1818/724/665
f 1514/719/964 1513/714/661 1518/720/655
f 1518/720/655 1512/715/662 1517/721/656
f 1517/721/656 1511/716/663 1516/722/657
f 1516/722/657 1510/717/664 1515/723/658
f 1515/723/658 1818/724/665 1819/730/659
f 1519/725/965 1518/720/655 1523/726/649
f 1523/726/649 1517/721/656 1522/727/650
f 1522/727/650 1516/722/657 1521/728/651
f 1521/728/651 1515/723/658 1520/729/652
f 1520/729/652 1819/730/659 1820/736/968
f 1524/731/966 1523/726/649 1528/732/643
f 1528/732/643 1522/727/650 1527/733/644
f 1527/733/644 1521/728/651 1526/734/645
f 1526/734/645 1520/729/652 1525/735/967
f 1525/735/967 1820/736/968 1821/742/647
f 1529/737/969 1528/732/643 1533/738/636
f 1533/738/636 1527/733/644 1532/739/637
f 1532/739/637 1526/734/645 1531/740/638
f 1531/740/638 1525/735/967 1530/741/639
f 1530/741/639 1821/742/647 1822/748/640
f 1534/743/970 1533/738/636 1538/744/631
f 1538/744/631 1532/739/637 1537/745/632
f 1537/745/632 1531/740/638 1536/746/633
f 1536/746/633 1530/741/639 1535/747/634
f 1535/747/634 1822/748/640 1823/754/641
f 1534/743/970 1543/749/625 1539/755/972
f 1538/744/631 1542/750/626 1543/749/625
f 1537/745/632 1541/751/627 1542/750/626
f 1536/746/633 1540/752/971 1541/751/627
f 1535/747/634 1824/753/635 1540/752/971
f 1539/755/972 1548/756/619 1544/761/974
f 1543/749/625 1547/757/620 1548/756/619
f 1542/750/626 1546/758/621 1547/757/620
f 1541/751/627 1545/759/973 1546/758/621
f 1540/752/971 1825/760/629 1545/759/973
f 1544/761/974 1553/762/613 1549/767/976
f 1548/756/619 1552/763/614 1553/762/613
f 1547/757/620 1551/764/615 1552/763/614
f 1546/758/621 1550/765/616 1551/764/615
f 1545/759/973 1826/766/975 1550/765/616
f 1549/767/976 1558/768/607 1554/773/977
f 1553/762/613 1557/769/608 1558/768/607
f 1552/763/614 1556/770/609 1557/769/608
f 1551/764/615 1555/771/610 1556/770/609
f 1550/765/616 1827/772/617 1555/771/610
f 1554/773/977 1563/774/601 1559/779/978
f 1558/768/607 1562/775/602 1563/774/601
f 1557/769/608 1561/776/603 1562/775/602
f 1556/770/609 1560/777/604 1561/776/603
f 1555/771/610 1828/778/611 1560/777/604
f 1559/779/978 1568/780/595 1564/785/979
f 1563/774/601 1567/781/596 1568/780/595
f 1562/775/602 1566/782/597 1567/781/596
f 1561/776/603 1565/783/598 1566/782/597
f 1560/777/604 1829/784/605 1565/783/598
f 1564/785/979 1573/786/589 1569/791/980
f 1568/780/595 1572/787/590 1573/786/589
f 1567/781/596 1571/788/591 1572/787/590
f 1566/782/597 1570/789/592 1571/788/591
f 1565/783/598 1830/790/599 1570/789/592
f 1569/791/980 1418/597/583 1414/595/935
f 1573/786/589 1417/599/584 1418/597/583
f 1572/787/590 1416/601/585 1417/599/584
f 1571/788/591 1415/603/936 1416/601/585
f 1570/789/592 1800/605/593 1415/603/936
f 1575/792/981 1584/793/768 1579/795/774
f 1579/795/774 1583/796/769 1578/797/775
f 1578/797/775 1582/798/770 1577/799/776
f 1577/799/776 1581/800/772 1576/801/778
f 1576/801/778 1831/802/777 1832/988/783
f 1580/794/982 1589/803/762 1584/793/768
f 1584/793/768 1588/805/763 1583/796/769
f 1583/796/769 1587/806/764 1582/798/770
f 1582/798/770 1586/807/766 1581/800/772
f 1581/800/772 1833/808/771 1831/802/777
f 1585/804/983 1594/809/756 1589/803/762
f 1589/803/762 1593/811/757 1588/805/763
f 1588/805/763 1592/812/758 1587/806/764
f 1587/806/764 1591/813/985 1586/807/766
f 1586/807/766 1834/814/765 1833/808/771
f 1590/810/984 1599/815/750 1594/809/756
f 1594/809/756 1598/817/751 1593/811/757
f 1593/811/757 1597/818/752 1592/812/758
f 1592/812/758 1596/819/754 1591/813/985
f 1591/813/985 1835/820/987 1834/814/765
f 1595/816/986 1604/821/744 1599/815/750
f 1599/815/750 1603/823/745 1598/817/751
f 1598/817/751 1602/824/746 1597/818/752
f 1597/818/752 1601/825/748 1596/819/754
f 1596/819/754 1836/826/753 1835/820/987
f 1600/822/988 1609/827/738 1604/821/744
f 1604/821/744 1608/829/739 1603/823/745
f 1603/823/745 1607/830/740 1602/824/746
f 1602/824/746 1606/831/742 1601/825/748
f 1601/825/748 1837/832/747 1836/826/753
f 1605/828/989 1614/833/733 1609/827/738
f 1609/827/738 1613/835/734 1608/829/739
f 1608/829/739 1612/836/735 1607/830/740
f 1607/830/740 1611/837/736 1606/831/742
f 1606/831/742 1838/838/741 1837/832/747
f 1610/834/990 1619/839/726 1614/833/733
f 1614/833/733 1618/841/728 1613/835/734
f 1613/835/734 1617/842/729 1612/836/735
f 1612/836/735 1616/843/730 1611/837/736
f 1611/837/736 1839/844/731 1838/838/741
f 1619/845/726 1620/846/992 1624/849/720
f 1618/848/728 1624/849/720 1623/851/722
f 1617/850/729 1623/851/722 1622/853/723
f 1616/852/730 1622/853/723 1621/855/724
f 1839/854/731 1621/855/724 1840/860/725
f 1624/849/720 1625/856/993 1629/857/714
f 1623/851/722 1629/857/714 1628/858/716
f 1622/853/723 1628/858/716 1627/859/717
f 1621/855/724 1627/859/717 1626/861/718
f 1840/860/725 1626/861/718 1841/866/719
f 1629/857/714 1630/862/994 1634/863/708
f 1628/858/716 1634/863/708 1633/864/710
f 1627/859/717 1633/864/710 1632/865/711
f 1626/861/718 1632/865/711 1631/867/712
f 1841/866/719 1631/867/712 1842/872/713
f 1634/863/708 1635/868/995 1639/869/702
f 1633/864/710 1639/869/702 1638/870/704
f 1632/865/711 1638/870/704 1637/871/705
f 1631/867/712 1637/871/705 1636/873/706
f 1842/872/713 1636/873/706 1843/878/997
f 1639/869/702 1640/874/996 1644/875/696
f 1638/870/704 1644/875/696 1643/876/698
f 1637/871/705 1643/876/698 1642/877/699
f 1636/873/706 1642/877/699 1641/879/998
f 1843/878/997 1641/879/998 1844/884/701
f 1644/875/696 1645/880/999 1649/881/690
f 1643/876/698 1649/881/690 1648/882/692
f 1642/877/699 1648/882/692 1647/883/693
f 1641/879/998 1647/883/693 1646/885/694
f 1844/884/701 1646/885/694 1845/890/695
f 1649/881/690 1650/886/1000 1654/887/680
f 1648/882/692 1654/887/680 1653/888/683
f 1647/883/693 1653/888/683 1652/889/685
f 1646/885/694 1652/889/685 1651/891/687
f 1845/890/695 1651/891/687 1846/896/689
f 1654/887/680 1655/892/1001 1659/893/682
f 1653/888/683 1659/893/682 1658/894/684
f 1652/889/685 1658/894/684 1657/895/686
f 1651/891/687 1657/895/686 1656/897/1002
f 1846/896/689 1656/897/1002 1847/902/869
f 1659/893/682 1660/898/1003 1664/899/863
f 1658/894/684 1664/899/863 1663/900/865
f 1657/895/686 1663/900/865 1662/901/866
f 1656/897/1002 1662/901/866 1661/903/867
f 1847/902/869 1661/903/867 1848/908/868
f 1664/899/863 1665/904/1004 1669/905/857
f 1663/900/865 1669/905/857 1668/906/859
f 1662/901/866 1668/906/859 1667/907/860
f 1661/903/867 1667/907/860 1666/909/861
f 1848/908/868 1666/909/861 1849/914/862
f 1669/905/857 1670/910/1005 1674/911/851
f 1668/906/859 1674/911/851 1673/912/853
f 1667/907/860 1673/912/853 1672/913/854
f 1666/909/861 1672/913/854 1671/915/1006
f 1849/914/862 1671/915/1006 1850/920/1008
f 1674/911/851 1675/916/1007 1679/917/845
f 1673/912/853 1679/917/845 1678/918/847
f 1672/913/854 1678/918/847 1677/919/848
f 1671/915/1006 1677/919/848 1676/921/849
f 1850/920/1008 1676/921/849 1851/926/850
f 1679/917/845 1680/922/1009 1684/923/839
f 1678/918/847 1684/923/839 1683/924/841
f 1677/919/848 1683/924/841 1682/925/842
f 1676/921/849 1682/925/842 1681/927/1010
f 1851/926/850 1681/927/1010 1852/932/1012
f 1684/923/839 1685/928/1011 1689/929/833
f 1683/924/841 1689/929/833 1688/930/835
f 1682/925/842 1688/930/835 1687/931/836
f 1681/927/1010 1687/931/836 1686/933/1013
f 1852/932/1012 1686/933/1013 1853/938/1015
f 1689/929/833 1690/934/1014 1694/935/827
f 1688/930/835 1694/935/827 1693/936/829
f 1687/931/836 1693/936/829 1692/937/830
f 1686/933/1013 1692/937/830 1691/939/831
f 1853/938/1015 1691/939/831 1854/944/832
f 1694/935/827 1695/940/1016 1699/941/822
f 1693/936/829 1699/941/822 1698/942/823
f 1692/937/830 1698/942/823 1697/943/824
f 1691/939/831 1697/943/824 1696/945/826
f 1854/944/832 1696/945/826 1855/1184/932
f 1695/940/1016 1704/946/816 1699/941/822
f 1699/941/822 1703/948/817 1698/942/823
f 1698/942/823 1702/949/818 1697/943/824
f 1697/943/824 1701/950/820 1696/945/826
f 1696/945/826 1856/951/825 1855/1184/932
f 1700/947/1017 1709/952/810 1704/946/816
f 1704/946/816 1708/954/811 1703/948/817
f 1703/948/817 1707/955/812 1702/949/818
f 1702/949/818 1706/956/1019 1701/950/820
f 1701/950/820 1857/957/1020 1856/951/825
f 1705/953/1018 1714/958/804 1709/952/810
f 1709/952/810 1713/960/805 1708/954/811
f 1708/954/811 1712/961/806 1707/955/812
f 1707/955/812 1711/962/1022 1706/956/1019
f 1706/956/1019 1858/963/1023 1857/957/1020
f 1710/959/1021 1719/964/798 1714/958/804
f 1714/958/804 1718/966/799 1713/960/805
f 1713/960/805 1717/967/800 1712/961/806
f 1712/961/806 1716/968/1025 1711/962/1022
f 1711/962/1022 1859/969/807 1858/963/1023
f 1715/965/1024 1724/970/792 1719/964/798
f 1719/964/798 1723/972/793 1718/966/799
f 1718/966/799 1722/973/794 1717/967/800
f 1717/967/800 1721/974/1027 1716/968/1025
f 1716/968/1025 1860/975/1028 1859/969/807
f 1720/971/1026 1729/976/786 1724/970/792
f 1724/970/792 1728/978/787 1723/972/793
f 1723/972/793 1727/979/788 1722/973/794
f 1722/973/794 1726/980/790 1721/974/1027
f 1721/974/1027 1861/981/795 1860/975/1028
f 1725/977/1029 1734/982/780 1729/976/786
f 1729/976/786 1733/984/781 1728/978/787
f 1728/978/787 1732/985/782 1727/979/788
f 1727/979/788 1731/986/784 1726/980/790
f 1726/980/790 1862/987/789 1861/981/795
f 1730/983/1030 1579/795/774 1734/982/780
f 1734/982/780 1578/797/775 1733/984/781
f 1733/984/781 1577/799/776 1732/985/782
f 1732/985/782 1576/801/778 1731/986/784
f 1731/986/784 1832/988/783 1862/987/789
f 1766/989/1031 1414/990/935 1736/1052/1061
f 1737/992/1032 1429/993/941 1738/995/1033
f 1738/995/1033 1434/996/944 1739/1185/1093
f 1434/996/944 1740/997/1034 1739/1185/1093
f 1439/998/945 1741/999/1035 1740/997/1034
f 1444/1000/946 1742/1001/1036 1741/999/1035
f 1449/1003/947 1743/1004/1037 1742/1186/1036
f 1454/1005/949 1744/1006/1038 1743/1004/1037
f 1459/1007/948 1745/1008/1039 1744/1006/1038
f 1464/1009/950 1746/1010/1040 1745/1008/1039
f 1469/1011/951 1747/1012/1041 1746/1010/1040
f 1474/1013/952 1748/1014/1042 1747/1012/1041
f 1479/1015/954 1749/1016/1043 1748/1014/1042
f 1484/1017/956 1750/1018/1044 1749/1016/1043
f 1489/1019/959 1751/1020/1045 1750/1018/1044
f 1494/1021/960 1752/1022/1046 1751/1020/1045
f 1499/1023/961 1753/1024/1047 1752/1022/1046
f 1504/1025/962 1754/1026/1048 1753/1024/1047
f 1509/1027/963 1755/1028/1049 1754/1026/1048
f 1755/1028/1049 1519/1030/965 1756/1031/1050
f 1756/1031/1050 1524/1032/966 1757/1033/1051
f 1757/1033/1051 1529/1034/969 1758/1035/1052
f 1758/1035/1052 1534/1036/970 1759/1037/1053
f 1759/1037/1053 1539/1038/972 1760/1039/1054
f 1760/1039/1054 1544/1040/974 1761/1041/1055
f 1761/1041/1055 1549/1042/976 1762/1043/1056
f 1762/1043/1056 1554/1044/977 1763/1045/1057
f 1763/1045/1057 1559/1046/978 1764/1047/1058
f 1764/1047/1058 1564/1048/979 1765/1049/1059
f 1765/1049/1059 1569/991/980 1766/989/1031
f 1735/1050/1060 1424/994/939 1737/992/1032
f 1736/1052/1061 1419/1051/937 1735/1050/1060
f 1575/1053/981 1798/1054/1062 1768/1116/1092
f 1590/1056/984 1769/1057/1063 1770/1060/1064
f 1595/1059/986 1770/1060/1064 1771/1187/1094
f 1772/1061/1065 1595/1059/986 1771/1187/1094
f 1773/1063/1066 1600/1062/988 1772/1061/1065
f 1774/1065/1067 1605/1064/989 1773/1063/1066
f 1775/1067/1068 1610/1066/990 1774/1065/1067
f 1776/1069/1069 1615/1070/991 1775/1188/1068
f 1777/1072/1070 1620/1071/992 1776/1069/1069
f 1778/1074/1071 1625/1073/993 1777/1072/1070
f 1779/1076/1072 1630/1075/994 1778/1074/1071
f 1780/1078/1073 1635/1077/995 1779/1076/1072
f 1781/1080/1074 1640/1079/996 1780/1078/1073
f 1782/1082/1075 1645/1081/999 1781/1080/1074
f 1783/1084/1076 1650/1083/1000 1782/1082/1075
f 1784/1086/1077 1655/1085/1001 1783/1084/1076
f 1785/1088/1078 1660/1087/1003 1784/1086/1077
f 1786/1090/1079 1665/1089/1004 1785/1088/1078
f 1787/1092/1080 1670/1091/1005 1786/1090/1079
f 1680/1094/1009 1787/1092/1080 1788/1096/1081
f 1685/1095/1011 1788/1096/1081 1789/1098/1082
f 1690/1097/1014 1789/1098/1082 1790/1100/1083
f 1695/1099/1016 1790/1100/1083 1791/1102/1084
f 1700/1101/1017 1791/1102/1084 1792/1104/1085
f 1705/1103/1018 1792/1104/1085 1793/1106/1086
f 1710/1105/1021 1793/1106/1086 1794/1108/1087
f 1715/1107/1024 1794/1108/1087 1795/1110/1088
f 1720/1109/1026 1795/1110/1088 1796/1112/1089
f 1725/1111/1029 1796/1112/1089 1797/1113/1090
f 1730/1055/1030 1797/1113/1090 1798/1054/1062
f 1585/1058/983 1767/1114/1091 1769/1057/1063
f 1580/1115/982 1768/1116/1092 1767/1114/1091
